{"__meta":{"schema_version":3,"schema_name":"GLMModelV3","schema_type":"GLMModel"},"model_id":{"__meta":{"schema_version":3,"schema_name":"ModelKeyV3","schema_type":"Key<Model>"},"name":"GLM_model_python_1735565212779_3","type":"Key<Model>","URL":"/3/Models/GLM_model_python_1735565212779_3"},"algo":"glm","algo_full_name":"Generalized Linear Modeling","response_column_name":"yearly_compensation","treatment_column_name":null,"data_frame":{"__meta":{"schema_version":3,"schema_name":"FrameKeyV3","schema_type":"Key<Frame>"},"name":"py_1_sid_bab8","type":"Key<Frame>","URL":"/3/Frames/py_1_sid_bab8"},"timestamp":1735565259925,"have_pojo":true,"have_mojo":true,"algo":"glm","algo_full_name":"Generalized Linear Modeling","model_id":{"__meta":{"schema_version":3,"schema_name":"ModelKeyV3","schema_type":"Key<Model>"},"name":"GLM_model_python_1735565212779_3","type":"Key<Model>","URL":"/3/Models/GLM_model_python_1735565212779_3"},"parameters":[{"__meta":{"schema_version":3,"schema_name":"ModelParameterSchemaV3","schema_type":"Iced"},"name":"model_id","label":"model_id","help":"Destination id for this model; auto-generated if not specified.","required":false,"type":"Key<Model>","default_value":null,"actual_value":{"__meta":{"schema_version":3,"schema_name":"ModelKeyV3","schema_type":"Key<Model>"},"name":"GLM_model_python_1735565212779_3","type":"Key<Model>","URL":"/3/Models/GLM_model_python_1735565212779_3"},"input_value":null,"level":"critical","values":[],"is_member_of_frames":[],"is_mutually_exclusive_with":[],"gridable":false},{"__meta":{"schema_version":3,"schema_name":"ModelParameterSchemaV3","schema_type":"Iced"},"name":"training_frame","label":"training_frame","help":"Id of the training data frame.","required":false,"type":"Key<Frame>","default_value":null,"actual_value":{"__meta":{"schema_version":3,"schema_name":"FrameKeyV3","schema_type":"Key<Frame>"},"name":"py_1_sid_bab8","type":"Key<Frame>","URL":"/3/Frames/py_1_sid_bab8"},"input_value":{"__meta":{"schema_version":3,"schema_name":"FrameKeyV3","schema_type":"Key<Frame>"},"name":"py_1_sid_bab8","type":"Key<Frame>","URL":"/3/Frames/py_1_sid_bab8"},"level":"critical","values":[],"is_member_of_frames":[],"is_mutually_exclusive_with":[],"gridable":false},{"__meta":{"schema_version":3,"schema_name":"ModelParameterSchemaV3","schema_type":"Iced"},"name":"validation_frame","label":"validation_frame","help":"Id of the validation data frame.","required":false,"type":"Key<Frame>","default_value":null,"actual_value":{"__meta":{"schema_version":3,"schema_name":"FrameKeyV3","schema_type":"Key<Frame>"},"name":"py_2_sid_bab8","type":"Key<Frame>","URL":"/3/Frames/py_2_sid_bab8"},"input_value":{"__meta":{"schema_version":3,"schema_name":"FrameKeyV3","schema_type":"Key<Frame>"},"name":"py_2_sid_bab8","type":"Key<Frame>","URL":"/3/Frames/py_2_sid_bab8"},"level":"critical","values":[],"is_member_of_frames":[],"is_mutually_exclusive_with":[],"gridable":true},{"__meta":{"schema_version":3,"schema_name":"ModelParameterSchemaV3","schema_type":"Iced"},"name":"nfolds","label":"nfolds","help":"Number of folds for K-fold cross-validation (0 to disable or >= 2).","required":false,"type":"int","default_value":0,"actual_value":5,"input_value":5,"level":"critical","values":[],"is_member_of_frames":[],"is_mutually_exclusive_with":[],"gridable":false},{"__meta":{"schema_version":3,"schema_name":"ModelParameterSchemaV3","schema_type":"Iced"},"name":"checkpoint","label":"checkpoint","help":"Model checkpoint to resume training with.","required":false,"type":"Key<Model>","default_value":null,"actual_value":null,"input_value":null,"level":"secondary","values":[],"is_member_of_frames":[],"is_mutually_exclusive_with":[],"gridable":false},{"__meta":{"schema_version":3,"schema_name":"ModelParameterSchemaV3","schema_type":"Iced"},"name":"export_checkpoints_dir","label":"export_checkpoints_dir","help":"Automatically export generated models to this directory.","required":false,"type":"string","default_value":null,"actual_value":null,"input_value":null,"level":"secondary","values":[],"is_member_of_frames":[],"is_mutually_exclusive_with":[],"gridable":false},{"__meta":{"schema_version":3,"schema_name":"ModelParameterSchemaV3","schema_type":"Iced"},"name":"seed","label":"seed","help":"Seed for pseudo random number generator (if applicable).","required":false,"type":"long","default_value":-1,"actual_value":-6922787646424051706,"input_value":-1,"level":"critical","values":[],"is_member_of_frames":[],"is_mutually_exclusive_with":[],"gridable":true},{"__meta":{"schema_version":3,"schema_name":"ModelParameterSchemaV3","schema_type":"Iced"},"name":"keep_cross_validation_models","label":"keep_cross_validation_models","help":"Whether to keep the cross-validation models.","required":false,"type":"boolean","default_value":true,"actual_value":true,"input_value":true,"level":"expert","values":[],"is_member_of_frames":[],"is_mutually_exclusive_with":[],"gridable":false},{"__meta":{"schema_version":3,"schema_name":"ModelParameterSchemaV3","schema_type":"Iced"},"name":"keep_cross_validation_predictions","label":"keep_cross_validation_predictions","help":"Whether to keep the predictions of the cross-validation models.","required":false,"type":"boolean","default_value":false,"actual_value":true,"input_value":true,"level":"expert","values":[],"is_member_of_frames":[],"is_mutually_exclusive_with":[],"gridable":false},{"__meta":{"schema_version":3,"schema_name":"ModelParameterSchemaV3","schema_type":"Iced"},"name":"keep_cross_validation_fold_assignment","label":"keep_cross_validation_fold_assignment","help":"Whether to keep the cross-validation fold assignment.","required":false,"type":"boolean","default_value":false,"actual_value":false,"input_value":false,"level":"expert","values":[],"is_member_of_frames":[],"is_mutually_exclusive_with":[],"gridable":false},{"__meta":{"schema_version":3,"schema_name":"ModelParameterSchemaV3","schema_type":"Iced"},"name":"fold_assignment","label":"fold_assignment","help":"Cross-validation fold assignment scheme, if fold_column is not specified. The 'Stratified' option will stratify the folds based on the response variable, for classification problems.","required":false,"type":"enum","default_value":"AUTO","actual_value":"Random","input_value":"AUTO","level":"secondary","values":["AUTO","Random","Modulo","Stratified"],"is_member_of_frames":[],"is_mutually_exclusive_with":[],"gridable":true},{"__meta":{"schema_version":3,"schema_name":"ModelParameterSchemaV3","schema_type":"Iced"},"name":"fold_column","label":"fold_column","help":"Column with cross-validation fold index assignment per observation.","required":false,"type":"VecSpecifier","default_value":null,"actual_value":null,"input_value":null,"level":"secondary","values":[],"is_member_of_frames":["training_frame"],"is_mutually_exclusive_with":["response_column","weights_column","ignored_columns","offset_column"],"gridable":true},{"__meta":{"schema_version":3,"schema_name":"ModelParameterSchemaV3","schema_type":"Iced"},"name":"response_column","label":"response_column","help":"Response variable column.","required":false,"type":"VecSpecifier","default_value":null,"actual_value":{"__meta":{"schema_version":3,"schema_name":"ColSpecifierV3","schema_type":"VecSpecifier"},"column_name":"yearly_compensation","is_member_of_frames":null},"input_value":{"__meta":{"schema_version":3,"schema_name":"ColSpecifierV3","schema_type":"VecSpecifier"},"column_name":"yearly_compensation","is_member_of_frames":null},"level":"critical","values":[],"is_member_of_frames":["training_frame","validation_frame"],"is_mutually_exclusive_with":["weights_column","ignored_columns","offset_column","fold_column"],"gridable":true},{"__meta":{"schema_version":3,"schema_name":"ModelParameterSchemaV3","schema_type":"Iced"},"name":"ignored_columns","label":"ignored_columns","help":"Names of columns to ignore for training.","required":false,"type":"string[]","default_value":null,"actual_value":null,"input_value":null,"level":"critical","values":[],"is_member_of_frames":["training_frame","validation_frame"],"is_mutually_exclusive_with":["response_column","weights_column","offset_column","fold_column"],"gridable":false},{"__meta":{"schema_version":3,"schema_name":"ModelParameterSchemaV3","schema_type":"Iced"},"name":"ignore_const_cols","label":"ignore_const_cols","help":"Ignore constant columns.","required":false,"type":"boolean","default_value":true,"actual_value":true,"input_value":true,"level":"critical","values":[],"is_member_of_frames":[],"is_mutually_exclusive_with":[],"gridable":false},{"__meta":{"schema_version":3,"schema_name":"ModelParameterSchemaV3","schema_type":"Iced"},"name":"score_each_iteration","label":"score_each_iteration","help":"Whether to score during each iteration of model training.","required":false,"type":"boolean","default_value":false,"actual_value":false,"input_value":false,"level":"secondary","values":[],"is_member_of_frames":[],"is_mutually_exclusive_with":[],"gridable":false},{"__meta":{"schema_version":3,"schema_name":"ModelParameterSchemaV3","schema_type":"Iced"},"name":"score_iteration_interval","label":"score_iteration_interval","help":"Perform scoring for every score_iteration_interval iterations.","required":false,"type":"int","default_value":-1,"actual_value":-1,"input_value":-1,"level":"secondary","values":[],"is_member_of_frames":[],"is_mutually_exclusive_with":[],"gridable":false},{"__meta":{"schema_version":3,"schema_name":"ModelParameterSchemaV3","schema_type":"Iced"},"name":"offset_column","label":"offset_column","help":"Offset column. This will be added to the combination of columns before applying the link function.","required":false,"type":"VecSpecifier","default_value":null,"actual_value":null,"input_value":null,"level":"secondary","values":[],"is_member_of_frames":["training_frame","validation_frame"],"is_mutually_exclusive_with":["response_column","weights_column","ignored_columns","fold_column"],"gridable":true},{"__meta":{"schema_version":3,"schema_name":"ModelParameterSchemaV3","schema_type":"Iced"},"name":"weights_column","label":"weights_column","help":"Column with observation weights. Giving some observation a weight of zero is equivalent to excluding it from the dataset; giving an observation a relative weight of 2 is equivalent to repeating that row twice. Negative weights are not allowed. Note: Weights are per-row observation weights and do not increase the size of the data frame. This is typically the number of times a row is repeated, but non-integer values are supported as well. During training, rows with higher weights matter more, due to the larger loss function pre-factor. If you set weight = 0 for a row, the returned prediction frame at that row is zero and this is incorrect. To get an accurate prediction, remove all rows with weight == 0.","required":false,"type":"VecSpecifier","default_value":null,"actual_value":null,"input_value":null,"level":"secondary","values":[],"is_member_of_frames":["training_frame","validation_frame"],"is_mutually_exclusive_with":["response_column","ignored_columns","offset_column","fold_column"],"gridable":true},{"__meta":{"schema_version":3,"schema_name":"ModelParameterSchemaV3","schema_type":"Iced"},"name":"family","label":"family","help":"Family. Use binomial for classification with logistic regression, others are for regression problems.","required":false,"type":"enum","default_value":"AUTO","actual_value":"gaussian","input_value":"gaussian","level":"critical","values":["AUTO","gaussian","binomial","fractionalbinomial","quasibinomial","ordinal","multinomial","poisson","gamma","tweedie","negativebinomial"],"is_member_of_frames":[],"is_mutually_exclusive_with":[],"gridable":false},{"__meta":{"schema_version":3,"schema_name":"ModelParameterSchemaV3","schema_type":"Iced"},"name":"tweedie_variance_power","label":"tweedie_variance_power","help":"Tweedie variance power","required":false,"type":"double","default_value":0.0,"actual_value":0.0,"input_value":0.0,"level":"critical","values":[],"is_member_of_frames":[],"is_mutually_exclusive_with":[],"gridable":true},{"__meta":{"schema_version":3,"schema_name":"ModelParameterSchemaV3","schema_type":"Iced"},"name":"tweedie_link_power","label":"tweedie_link_power","help":"Tweedie link power.","required":false,"type":"double","default_value":1.0,"actual_value":1.0,"input_value":1.0,"level":"critical","values":[],"is_member_of_frames":[],"is_mutually_exclusive_with":[],"gridable":true},{"__meta":{"schema_version":3,"schema_name":"ModelParameterSchemaV3","schema_type":"Iced"},"name":"theta","label":"theta","help":"Theta","required":false,"type":"double","default_value":1.0E-10,"actual_value":1.0E-10,"input_value":1.0E-10,"level":"critical","values":[],"is_member_of_frames":[],"is_mutually_exclusive_with":[],"gridable":true},{"__meta":{"schema_version":3,"schema_name":"ModelParameterSchemaV3","schema_type":"Iced"},"name":"solver","label":"solver","help":"AUTO will set the solver based on given data and the other parameters. IRLSM is fast on on problems with small number of predictors and for lambda-search with L1 penalty, L_BFGS scales better for datasets with many columns.","required":false,"type":"enum","default_value":"AUTO","actual_value":"IRLSM","input_value":"AUTO","level":"critical","values":["AUTO","IRLSM","L_BFGS","COORDINATE_DESCENT_NAIVE","COORDINATE_DESCENT","GRADIENT_DESCENT_LH","GRADIENT_DESCENT_SQERR"],"is_member_of_frames":[],"is_mutually_exclusive_with":[],"gridable":false},{"__meta":{"schema_version":3,"schema_name":"ModelParameterSchemaV3","schema_type":"Iced"},"name":"alpha","label":"alpha","help":"Distribution of regularization between the L1 (Lasso) and L2 (Ridge) penalties. A value of 1 for alpha represents Lasso regression, a value of 0 produces Ridge regression, and anything in between specifies the amount of mixing between the two. Default value of alpha is 0 when SOLVER = 'L-BFGS'; 0.5 otherwise.","required":false,"type":"double[]","default_value":null,"actual_value":[0.5],"input_value":null,"level":"critical","values":[],"is_member_of_frames":[],"is_mutually_exclusive_with":[],"gridable":true},{"__meta":{"schema_version":3,"schema_name":"ModelParameterSchemaV3","schema_type":"Iced"},"name":"lambda","label":"lambda","help":"Regularization strength","required":false,"type":"double[]","default_value":null,"actual_value":[0.005949737064062857],"input_value":null,"level":"critical","values":[],"is_member_of_frames":[],"is_mutually_exclusive_with":[],"gridable":true},{"__meta":{"schema_version":3,"schema_name":"ModelParameterSchemaV3","schema_type":"Iced"},"name":"lambda_search","label":"lambda_search","help":"Use lambda search starting at lambda max, given lambda is then interpreted as lambda min.","required":false,"type":"boolean","default_value":false,"actual_value":false,"input_value":false,"level":"critical","values":[],"is_member_of_frames":[],"is_mutually_exclusive_with":[],"gridable":false},{"__meta":{"schema_version":3,"schema_name":"ModelParameterSchemaV3","schema_type":"Iced"},"name":"early_stopping","label":"early_stopping","help":"Stop early when there is no more relative improvement on train or validation (if provided).","required":false,"type":"boolean","default_value":true,"actual_value":true,"input_value":true,"level":"critical","values":[],"is_member_of_frames":[],"is_mutually_exclusive_with":[],"gridable":false},{"__meta":{"schema_version":3,"schema_name":"ModelParameterSchemaV3","schema_type":"Iced"},"name":"nlambdas","label":"nlambdas","help":"Number of lambdas to be used in a search. Default indicates: If alpha is zero, with lambda search set to True, the value of nlamdas is set to 30 (fewer lambdas are needed for ridge regression) otherwise it is set to 100.","required":false,"type":"int","default_value":-1,"actual_value":-1,"input_value":-1,"level":"critical","values":[],"is_member_of_frames":[],"is_mutually_exclusive_with":[],"gridable":false},{"__meta":{"schema_version":3,"schema_name":"ModelParameterSchemaV3","schema_type":"Iced"},"name":"standardize","label":"standardize","help":"Standardize numeric columns to have zero mean and unit variance.","required":false,"type":"boolean","default_value":true,"actual_value":true,"input_value":true,"level":"critical","values":[],"is_member_of_frames":[],"is_mutually_exclusive_with":[],"gridable":true},{"__meta":{"schema_version":3,"schema_name":"ModelParameterSchemaV3","schema_type":"Iced"},"name":"missing_values_handling","label":"missing_values_handling","help":"Handling of missing values. Either MeanImputation, Skip or PlugValues.","required":false,"type":"enum","default_value":"MeanImputation","actual_value":"MeanImputation","input_value":"MeanImputation","level":"expert","values":["MeanImputation","Skip","PlugValues"],"is_member_of_frames":[],"is_mutually_exclusive_with":[],"gridable":true},{"__meta":{"schema_version":3,"schema_name":"ModelParameterSchemaV3","schema_type":"Iced"},"name":"plug_values","label":"plug_values","help":"Plug Values (a single row frame containing values that will be used to impute missing values of the training/validation frame, use with conjunction missing_values_handling = PlugValues).","required":false,"type":"Key<Frame>","default_value":null,"actual_value":null,"input_value":null,"level":"critical","values":[],"is_member_of_frames":[],"is_mutually_exclusive_with":[],"gridable":false},{"__meta":{"schema_version":3,"schema_name":"ModelParameterSchemaV3","schema_type":"Iced"},"name":"compute_p_values","label":"compute_p_values","help":"Request p-values computation, p-values work only with IRLSM solver.","required":false,"type":"boolean","default_value":false,"actual_value":false,"input_value":false,"level":"secondary","values":[],"is_member_of_frames":[],"is_mutually_exclusive_with":[],"gridable":false},{"__meta":{"schema_version":3,"schema_name":"ModelParameterSchemaV3","schema_type":"Iced"},"name":"dispersion_parameter_method","label":"dispersion_parameter_method","help":"Method used to estimate the dispersion parameter for Tweedie, Gamma and Negative Binomial only.","required":false,"type":"enum","default_value":"pearson","actual_value":"pearson","input_value":"pearson","level":"secondary","values":["deviance","pearson","ml"],"is_member_of_frames":[],"is_mutually_exclusive_with":[],"gridable":false},{"__meta":{"schema_version":3,"schema_name":"ModelParameterSchemaV3","schema_type":"Iced"},"name":"init_dispersion_parameter","label":"init_dispersion_parameter","help":"Only used for Tweedie, Gamma and Negative Binomial GLM.  Store the initial value of dispersion parameter.  If fix_dispersion_parameter is set, this value will be used in the calculation of p-values.","required":false,"type":"double","default_value":1.0,"actual_value":1.0,"input_value":1.0,"level":"expert","values":[],"is_member_of_frames":[],"is_mutually_exclusive_with":[],"gridable":true},{"__meta":{"schema_version":3,"schema_name":"ModelParameterSchemaV3","schema_type":"Iced"},"name":"remove_collinear_columns","label":"remove_collinear_columns","help":"In case of linearly dependent columns, remove the dependent columns.","required":false,"type":"boolean","default_value":false,"actual_value":false,"input_value":false,"level":"secondary","values":[],"is_member_of_frames":[],"is_mutually_exclusive_with":[],"gridable":false},{"__meta":{"schema_version":3,"schema_name":"ModelParameterSchemaV3","schema_type":"Iced"},"name":"intercept","label":"intercept","help":"Include constant term in the model","required":false,"type":"boolean","default_value":true,"actual_value":true,"input_value":true,"level":"expert","values":[],"is_member_of_frames":[],"is_mutually_exclusive_with":[],"gridable":false},{"__meta":{"schema_version":3,"schema_name":"ModelParameterSchemaV3","schema_type":"Iced"},"name":"non_negative","label":"non_negative","help":"Restrict coefficients (not intercept) to be non-negative.","required":false,"type":"boolean","default_value":false,"actual_value":false,"input_value":false,"level":"critical","values":[],"is_member_of_frames":[],"is_mutually_exclusive_with":[],"gridable":false},{"__meta":{"schema_version":3,"schema_name":"ModelParameterSchemaV3","schema_type":"Iced"},"name":"max_iterations","label":"max_iterations","help":"Maximum number of iterations.  Value should >=1.  A value of 0 is only set when only the model coefficient names and model coefficient dimensions are needed.","required":false,"type":"int","default_value":-1,"actual_value":3,"input_value":-1,"level":"secondary","values":[],"is_member_of_frames":[],"is_mutually_exclusive_with":[],"gridable":false},{"__meta":{"schema_version":3,"schema_name":"ModelParameterSchemaV3","schema_type":"Iced"},"name":"objective_epsilon","label":"objective_epsilon","help":"Converge if  objective value changes less than this. Default (of -1.0) indicates: If lambda_search is set to True the value of objective_epsilon is set to .0001. If the lambda_search is set to False and lambda is equal to zero, the value of objective_epsilon is set to .000001, for any other value of lambda the default value of objective_epsilon is set to .0001.","required":false,"type":"double","default_value":-1.0,"actual_value":1.0E-4,"input_value":-1.0,"level":"expert","values":[],"is_member_of_frames":[],"is_mutually_exclusive_with":[],"gridable":false},{"__meta":{"schema_version":3,"schema_name":"ModelParameterSchemaV3","schema_type":"Iced"},"name":"beta_epsilon","label":"beta_epsilon","help":"Converge if beta changes less (using L-infinity norm) than beta esilon. ONLY applies to IRLSM solver.","required":false,"type":"double","default_value":1.0E-4,"actual_value":1.0E-4,"input_value":1.0E-4,"level":"expert","values":[],"is_member_of_frames":[],"is_mutually_exclusive_with":[],"gridable":false},{"__meta":{"schema_version":3,"schema_name":"ModelParameterSchemaV3","schema_type":"Iced"},"name":"gradient_epsilon","label":"gradient_epsilon","help":"Converge if  objective changes less (using L-infinity norm) than this, ONLY applies to L-BFGS solver. Default (of -1.0) indicates: If lambda_search is set to False and lambda is equal to zero, the default value of gradient_epsilon is equal to .000001, otherwise the default value is .0001. If lambda_search is set to True, the conditional values above are 1E-8 and 1E-6 respectively.","required":false,"type":"double","default_value":-1.0,"actual_value":1.0E-4,"input_value":-1.0,"level":"expert","values":[],"is_member_of_frames":[],"is_mutually_exclusive_with":[],"gridable":false},{"__meta":{"schema_version":3,"schema_name":"ModelParameterSchemaV3","schema_type":"Iced"},"name":"link","label":"link","help":"Link function.","required":false,"type":"enum","default_value":"family_default","actual_value":"identity","input_value":"family_default","level":"secondary","values":["family_default","identity","logit","log","inverse","tweedie","ologit"],"is_member_of_frames":[],"is_mutually_exclusive_with":[],"gridable":false},{"__meta":{"schema_version":3,"schema_name":"ModelParameterSchemaV3","schema_type":"Iced"},"name":"startval","label":"startval","help":"double array to initialize coefficients for GLM.  If standardize is true, the standardized coefficients should be used.  Otherwise, use the regular coefficients.","required":false,"type":"double[]","default_value":null,"actual_value":null,"input_value":null,"level":"critical","values":[],"is_member_of_frames":[],"is_mutually_exclusive_with":[],"gridable":true},{"__meta":{"schema_version":3,"schema_name":"ModelParameterSchemaV3","schema_type":"Iced"},"name":"calc_like","label":"calc_like","help":"if true, will return likelihood function value.","required":false,"type":"boolean","default_value":false,"actual_value":false,"input_value":false,"level":"critical","values":[],"is_member_of_frames":[],"is_mutually_exclusive_with":[],"gridable":false},{"__meta":{"schema_version":3,"schema_name":"ModelParameterSchemaV3","schema_type":"Iced"},"name":"prior","label":"prior","help":"Prior probability for y==1. To be used only for logistic regression iff the data has been sampled and the mean of response does not reflect reality.","required":false,"type":"double","default_value":-1.0,"actual_value":-1.0,"input_value":-1.0,"level":"expert","values":[],"is_member_of_frames":[],"is_mutually_exclusive_with":[],"gridable":false},{"__meta":{"schema_version":3,"schema_name":"ModelParameterSchemaV3","schema_type":"Iced"},"name":"cold_start","label":"cold_start","help":"Only applicable to multiple alpha/lambda values.  If false, build the next model for next set of alpha/lambda values starting from the values provided by current model.  If true will start GLM model from scratch.","required":false,"type":"boolean","default_value":false,"actual_value":false,"input_value":false,"level":"critical","values":[],"is_member_of_frames":[],"is_mutually_exclusive_with":[],"gridable":false},{"__meta":{"schema_version":3,"schema_name":"ModelParameterSchemaV3","schema_type":"Iced"},"name":"lambda_min_ratio","label":"lambda_min_ratio","help":"Minimum lambda used in lambda search, specified as a ratio of lambda_max (the smallest lambda that drives all coefficients to zero).  Default indicates: if the number of observations is greater than the number of variables, then lambda_min_ratio is set to 0.0001; if the number of observations is less than the number of variables, then lambda_min_ratio is set to 0.01.","required":false,"type":"double","default_value":-1.0,"actual_value":1.0E-4,"input_value":-1.0,"level":"expert","values":[],"is_member_of_frames":[],"is_mutually_exclusive_with":[],"gridable":false},{"__meta":{"schema_version":3,"schema_name":"ModelParameterSchemaV3","schema_type":"Iced"},"name":"beta_constraints","label":"beta_constraints","help":"Beta constraints","required":false,"type":"Key<Frame>","default_value":null,"actual_value":null,"input_value":null,"level":"critical","values":[],"is_member_of_frames":[],"is_mutually_exclusive_with":[],"gridable":false},{"__meta":{"schema_version":3,"schema_name":"ModelParameterSchemaV3","schema_type":"Iced"},"name":"max_active_predictors","label":"max_active_predictors","help":"Maximum number of active predictors during computation. Use as a stopping criterion to prevent expensive model building with many predictors. Default indicates: If the IRLSM solver is used, the value of max_active_predictors is set to 5000 otherwise it is set to 100000000.","required":false,"type":"int","default_value":-1,"actual_value":5000,"input_value":-1,"level":"expert","values":[],"is_member_of_frames":[],"is_mutually_exclusive_with":[],"gridable":false},{"__meta":{"schema_version":3,"schema_name":"ModelParameterSchemaV3","schema_type":"Iced"},"name":"interactions","label":"interactions","help":"A list of predictor column indices to interact. All pairwise combinations will be computed for the list.","required":false,"type":"string[]","default_value":null,"actual_value":null,"input_value":null,"level":"expert","values":[],"is_member_of_frames":[],"is_mutually_exclusive_with":[],"gridable":false},{"__meta":{"schema_version":3,"schema_name":"ModelParameterSchemaV3","schema_type":"Iced"},"name":"interaction_pairs","label":"interaction_pairs","help":"A list of pairwise (first order) column interactions.","required":false,"type":"StringPair[]","default_value":null,"actual_value":null,"input_value":null,"level":"expert","values":[],"is_member_of_frames":[],"is_mutually_exclusive_with":[],"gridable":false},{"__meta":{"schema_version":3,"schema_name":"ModelParameterSchemaV3","schema_type":"Iced"},"name":"obj_reg","label":"obj_reg","help":"Likelihood divider in objective value computation, default (of -1.0) will set it to 1/nobs.","required":false,"type":"double","default_value":-1.0,"actual_value":1.8318373328448433E-4,"input_value":-1.0,"level":"critical","values":[],"is_member_of_frames":[],"is_mutually_exclusive_with":[],"gridable":false},{"__meta":{"schema_version":3,"schema_name":"ModelParameterSchemaV3","schema_type":"Iced"},"name":"stopping_rounds","label":"stopping_rounds","help":"Early stopping based on convergence of stopping_metric. Stop if simple moving average of length k of the stopping_metric does not improve for k:=stopping_rounds scoring events (0 to disable)","required":false,"type":"int","default_value":0,"actual_value":0,"input_value":0,"level":"secondary","values":[],"is_member_of_frames":[],"is_mutually_exclusive_with":[],"gridable":true},{"__meta":{"schema_version":3,"schema_name":"ModelParameterSchemaV3","schema_type":"Iced"},"name":"stopping_metric","label":"stopping_metric","help":"Metric to use for early stopping (AUTO: logloss for classification, deviance for regression and anomaly_score for Isolation Forest). Note that custom and custom_increasing can only be used in GBM and DRF with the Python client.","required":false,"type":"enum","default_value":"AUTO","actual_value":"AUTO","input_value":"AUTO","level":"secondary","values":["AUTO","deviance","logloss","MSE","RMSE","MAE","RMSLE","AUC","AUCPR","lift_top_group","misclassification","mean_per_class_error","anomaly_score","AUUC","ATE","ATT","ATC","qini","custom","custom_increasing"],"is_member_of_frames":[],"is_mutually_exclusive_with":[],"gridable":true},{"__meta":{"schema_version":3,"schema_name":"ModelParameterSchemaV3","schema_type":"Iced"},"name":"stopping_tolerance","label":"stopping_tolerance","help":"Relative tolerance for metric-based stopping criterion (stop if relative improvement is not at least this much)","required":false,"type":"double","default_value":0.001,"actual_value":0.001,"input_value":0.001,"level":"secondary","values":[],"is_member_of_frames":[],"is_mutually_exclusive_with":[],"gridable":true},{"__meta":{"schema_version":3,"schema_name":"ModelParameterSchemaV3","schema_type":"Iced"},"name":"balance_classes","label":"balance_classes","help":"Balance training data class counts via over/under-sampling (for imbalanced data).","required":false,"type":"boolean","default_value":false,"actual_value":false,"input_value":false,"level":"secondary","values":[],"is_member_of_frames":[],"is_mutually_exclusive_with":[],"gridable":false},{"__meta":{"schema_version":3,"schema_name":"ModelParameterSchemaV3","schema_type":"Iced"},"name":"class_sampling_factors","label":"class_sampling_factors","help":"Desired over/under-sampling ratios per class (in lexicographic order). If not specified, sampling factors will be automatically computed to obtain class balance during training. Requires balance_classes.","required":false,"type":"float[]","default_value":null,"actual_value":null,"input_value":null,"level":"expert","values":[],"is_member_of_frames":[],"is_mutually_exclusive_with":[],"gridable":false},{"__meta":{"schema_version":3,"schema_name":"ModelParameterSchemaV3","schema_type":"Iced"},"name":"max_after_balance_size","label":"max_after_balance_size","help":"Maximum relative size of the training data after balancing class counts (can be less than 1.0). Requires balance_classes.","required":false,"type":"float","default_value":5.0,"actual_value":5.0,"input_value":5.0,"level":"expert","values":[],"is_member_of_frames":[],"is_mutually_exclusive_with":[],"gridable":false},{"__meta":{"schema_version":3,"schema_name":"ModelParameterSchemaV3","schema_type":"Iced"},"name":"max_confusion_matrix_size","label":"max_confusion_matrix_size","help":"[Deprecated] Maximum size (# classes) for confusion matrices to be printed in the Logs.","required":false,"type":"int","default_value":20,"actual_value":20,"input_value":20,"level":"secondary","values":[],"is_member_of_frames":[],"is_mutually_exclusive_with":[],"gridable":false},{"__meta":{"schema_version":3,"schema_name":"ModelParameterSchemaV3","schema_type":"Iced"},"name":"max_runtime_secs","label":"max_runtime_secs","help":"Maximum allowed runtime in seconds for model training. Use 0 to disable.","required":false,"type":"double","default_value":0.0,"actual_value":0.0,"input_value":0.0,"level":"secondary","values":[],"is_member_of_frames":[],"is_mutually_exclusive_with":[],"gridable":true},{"__meta":{"schema_version":3,"schema_name":"ModelParameterSchemaV3","schema_type":"Iced"},"name":"custom_metric_func","label":"custom_metric_func","help":"Reference to custom evaluation function, format: `language:keyName=funcName`","required":false,"type":"string","default_value":null,"actual_value":null,"input_value":null,"level":"secondary","values":[],"is_member_of_frames":[],"is_mutually_exclusive_with":[],"gridable":false},{"__meta":{"schema_version":3,"schema_name":"ModelParameterSchemaV3","schema_type":"Iced"},"name":"generate_scoring_history","label":"generate_scoring_history","help":"If set to true, will generate scoring history for GLM.  This may significantly slow down the algo.","required":false,"type":"boolean","default_value":false,"actual_value":false,"input_value":false,"level":"secondary","values":[],"is_member_of_frames":[],"is_mutually_exclusive_with":[],"gridable":false},{"__meta":{"schema_version":3,"schema_name":"ModelParameterSchemaV3","schema_type":"Iced"},"name":"auc_type","label":"auc_type","help":"Set default multinomial AUC type.","required":false,"type":"enum","default_value":"AUTO","actual_value":"AUTO","input_value":"AUTO","level":"secondary","values":["AUTO","NONE","MACRO_OVR","WEIGHTED_OVR","MACRO_OVO","WEIGHTED_OVO"],"is_member_of_frames":[],"is_mutually_exclusive_with":[],"gridable":true},{"__meta":{"schema_version":3,"schema_name":"ModelParameterSchemaV3","schema_type":"Iced"},"name":"dispersion_epsilon","label":"dispersion_epsilon","help":"If changes in dispersion parameter estimation or loglikelihood value is smaller than dispersion_epsilon, will break out of the dispersion parameter estimation loop using maximum likelihood.","required":false,"type":"double","default_value":1.0E-4,"actual_value":1.0E-4,"input_value":1.0E-4,"level":"secondary","values":[],"is_member_of_frames":[],"is_mutually_exclusive_with":[],"gridable":false},{"__meta":{"schema_version":3,"schema_name":"ModelParameterSchemaV3","schema_type":"Iced"},"name":"tweedie_epsilon","label":"tweedie_epsilon","help":"In estimating tweedie dispersion parameter using maximum likelihood, this is used to choose the lower and upper indices in the approximating of the infinite series summation.","required":false,"type":"double","default_value":8.0E-17,"actual_value":8.0E-17,"input_value":8.0E-17,"level":"secondary","values":[],"is_member_of_frames":[],"is_mutually_exclusive_with":[],"gridable":false},{"__meta":{"schema_version":3,"schema_name":"ModelParameterSchemaV3","schema_type":"Iced"},"name":"max_iterations_dispersion","label":"max_iterations_dispersion","help":"Control the maximum number of iterations in the dispersion parameter estimation loop using maximum likelihood.","required":false,"type":"int","default_value":3000,"actual_value":3000,"input_value":3000,"level":"secondary","values":[],"is_member_of_frames":[],"is_mutually_exclusive_with":[],"gridable":false},{"__meta":{"schema_version":3,"schema_name":"ModelParameterSchemaV3","schema_type":"Iced"},"name":"build_null_model","label":"build_null_model","help":"If set, will build a model with only the intercept.  Default to false.","required":false,"type":"boolean","default_value":false,"actual_value":false,"input_value":false,"level":"expert","values":[],"is_member_of_frames":[],"is_mutually_exclusive_with":[],"gridable":false},{"__meta":{"schema_version":3,"schema_name":"ModelParameterSchemaV3","schema_type":"Iced"},"name":"fix_dispersion_parameter","label":"fix_dispersion_parameter","help":"Only used for Tweedie, Gamma and Negative Binomial GLM.  If set, will use the dispsersion parameter in init_dispersion_parameter as the standard error and use it to calculate the p-values. Default to false.","required":false,"type":"boolean","default_value":false,"actual_value":false,"input_value":false,"level":"expert","values":[],"is_member_of_frames":[],"is_mutually_exclusive_with":[],"gridable":false},{"__meta":{"schema_version":3,"schema_name":"ModelParameterSchemaV3","schema_type":"Iced"},"name":"generate_variable_inflation_factors","label":"generate_variable_inflation_factors","help":"if true, will generate variable inflation factors for numerical predictors.  Default to false.","required":false,"type":"boolean","default_value":false,"actual_value":false,"input_value":false,"level":"expert","values":[],"is_member_of_frames":[],"is_mutually_exclusive_with":[],"gridable":false},{"__meta":{"schema_version":3,"schema_name":"ModelParameterSchemaV3","schema_type":"Iced"},"name":"fix_tweedie_variance_power","label":"fix_tweedie_variance_power","help":"If true, will fix tweedie variance power value to the value set in tweedie_variance_power.","required":false,"type":"boolean","default_value":true,"actual_value":true,"input_value":true,"level":"secondary","values":[],"is_member_of_frames":[],"is_mutually_exclusive_with":[],"gridable":false},{"__meta":{"schema_version":3,"schema_name":"ModelParameterSchemaV3","schema_type":"Iced"},"name":"dispersion_learning_rate","label":"dispersion_learning_rate","help":"Dispersion learning rate is only valid for tweedie family dispersion parameter estimation using ml. It must be > 0.  This controls how much the dispersion parameter estimate is to be changed when the calculated loglikelihood actually decreases with the new dispersion.  In this case, instead of setting new dispersion = dispersion + change, we set new dispersion = dispersion + dispersion_learning_rate * change. Defaults to 0.5.","required":false,"type":"double","default_value":0.5,"actual_value":0.5,"input_value":0.5,"level":"expert","values":[],"is_member_of_frames":[],"is_mutually_exclusive_with":[],"gridable":true},{"__meta":{"schema_version":3,"schema_name":"ModelParameterSchemaV3","schema_type":"Iced"},"name":"influence","label":"influence","help":"If set to dfbetas will calculate the difference in beta when a datarow is included and excluded in the dataset.","required":false,"type":"enum","default_value":null,"actual_value":null,"input_value":null,"level":"expert","values":["dfbetas"],"is_member_of_frames":[],"is_mutually_exclusive_with":[],"gridable":false},{"__meta":{"schema_version":3,"schema_name":"ModelParameterSchemaV3","schema_type":"Iced"},"name":"gainslift_bins","label":"gainslift_bins","help":"Gains/Lift table number of bins. 0 means disabled.. Default value -1 means automatic binning.","required":false,"type":"int","default_value":-1,"actual_value":-1,"input_value":-1,"level":"secondary","values":[],"is_member_of_frames":[],"is_mutually_exclusive_with":[],"gridable":false},{"__meta":{"schema_version":3,"schema_name":"ModelParameterSchemaV3","schema_type":"Iced"},"name":"linear_constraints","label":"linear_constraints","help":"Linear constraints: used to specify linear constraints involving more than one coefficients in standard form.  It is only supported for solver IRLSM.  It contains four columns: names (strings for coefficient names or constant), values, types ( strings of 'Equal' or 'LessThanEqual'), constraint_numbers (0 for first linear constraint, 1 for second linear constraint, ...).","required":false,"type":"Key<Frame>","default_value":null,"actual_value":null,"input_value":null,"level":"critical","values":[],"is_member_of_frames":[],"is_mutually_exclusive_with":[],"gridable":false},{"__meta":{"schema_version":3,"schema_name":"ModelParameterSchemaV3","schema_type":"Iced"},"name":"init_optimal_glm","label":"init_optimal_glm","help":"If true, will initialize coefficients with values derived from GLM runs without linear constraints.  Only available for linear constraints.","required":false,"type":"boolean","default_value":false,"actual_value":false,"input_value":false,"level":"secondary","values":[],"is_member_of_frames":[],"is_mutually_exclusive_with":[],"gridable":true},{"__meta":{"schema_version":3,"schema_name":"ModelParameterSchemaV3","schema_type":"Iced"},"name":"separate_linear_beta","label":"separate_linear_beta","help":"If true, will keep the beta constraints and linear constraints separate.  After new coefficients are found, first beta constraints will be applied followed by the application of linear constraints.  Note that the beta constraints in this case will not be part of the objective function.  If false, will combine the beta and linear constraints.","required":false,"type":"boolean","default_value":false,"actual_value":false,"input_value":false,"level":"secondary","values":[],"is_member_of_frames":[],"is_mutually_exclusive_with":[],"gridable":true},{"__meta":{"schema_version":3,"schema_name":"ModelParameterSchemaV3","schema_type":"Iced"},"name":"constraint_eta0","label":"constraint_eta0","help":"For constrained GLM only.  It affects the setting of eta_k+1=eta_0/power(ck+1, alpha).","required":false,"type":"double","default_value":0.1258925,"actual_value":0.1258925,"input_value":0.1258925,"level":"expert","values":[],"is_member_of_frames":[],"is_mutually_exclusive_with":[],"gridable":true},{"__meta":{"schema_version":3,"schema_name":"ModelParameterSchemaV3","schema_type":"Iced"},"name":"constraint_tau","label":"constraint_tau","help":"For constrained GLM only.  It affects the setting of c_k+1=tau*c_k.","required":false,"type":"double","default_value":10.0,"actual_value":10.0,"input_value":10.0,"level":"expert","values":[],"is_member_of_frames":[],"is_mutually_exclusive_with":[],"gridable":true},{"__meta":{"schema_version":3,"schema_name":"ModelParameterSchemaV3","schema_type":"Iced"},"name":"constraint_alpha","label":"constraint_alpha","help":"For constrained GLM only.  It affects the setting of  eta_k = eta_0/pow(c_0, alpha).","required":false,"type":"double","default_value":0.1,"actual_value":0.1,"input_value":0.1,"level":"expert","values":[],"is_member_of_frames":[],"is_mutually_exclusive_with":[],"gridable":true},{"__meta":{"schema_version":3,"schema_name":"ModelParameterSchemaV3","schema_type":"Iced"},"name":"constraint_beta","label":"constraint_beta","help":"For constrained GLM only.  It affects the setting of eta_k+1 = eta_k/pow(c_k, beta).","required":false,"type":"double","default_value":0.9,"actual_value":0.9,"input_value":0.9,"level":"expert","values":[],"is_member_of_frames":[],"is_mutually_exclusive_with":[],"gridable":true},{"__meta":{"schema_version":3,"schema_name":"ModelParameterSchemaV3","schema_type":"Iced"},"name":"constraint_c0","label":"constraint_c0","help":"For constrained GLM only.  It affects the initial setting of epsilon_k = 1/c_0.","required":false,"type":"double","default_value":10.0,"actual_value":10.0,"input_value":10.0,"level":"expert","values":[],"is_member_of_frames":[],"is_mutually_exclusive_with":[],"gridable":true}],"output":{"__meta":{"schema_version":3,"schema_name":"GLMModelOutputV3","schema_type":"GLMOutput"},"names":["ml_spending","used_tpu","Total_Experience","demographics_COUNTprofileTable","demographics_MEANprofileTable_yearly_compensation","company_COUNTprofileTable","company_MEANprofileTable_yearly_compensation","company_SUMprofileTable_yearly_compensation","country_COUNTprofileTable","country_SUMprofileTable_yearly_compensation","jobTitle_SUMprofileTable_yearly_compensation","jobTitle_SUMprofileTable_yearly_compensation_1","mlIncorporation_SUMprofileTable_yearly_compensation","mlIncorporation_MEANprofileTable_yearly_compensation","PrimaryTool_SUMprofileTable_yearly_compensation","PrimaryTool_MEANprofileTable_yearly_compensation","RecommendedLanguage_SUMprofileTable_yearly_compensation","RecommendedLanguage_MEANprofileTable_yearly_compensation","IncomeCategory_SUMprofileTable_yearly_compensation","age","gender_Male","company_size","country_Algeria","country_Australia","country_Austria","country_Nigeria","country_Other","country_Philippines","country_Poland","country_Portugal","country_Republic_of_Korea","country_Russia","country_Saudi_Arabia","country_Singapore","country_Spain","country_Switzerland","country_Taiwan","country_Thailand","country_Tunisia","country_Turkey","country_Ukraine","country_United_States_of_America","country_Viet_Nam","job_title_Business_Analyst","job_title_Data_Analyst","job_title_Data_Engineer","job_title_Data_Scientist","job_title_Product/Project_Manager","job_title_Research_Scientist","job_title_Software_Engineer","yearly_compensation"],"original_names":null,"column_types":["Numeric","Numeric","Numeric","Numeric","Numeric","Numeric","Numeric","Numeric","Numeric","Numeric","Numeric","Numeric","Numeric","Numeric","Numeric","Numeric","Numeric","Numeric","Numeric","Numeric","Numeric","Numeric","Numeric","Numeric","Numeric","Numeric","Numeric","Numeric","Numeric","Numeric","Numeric","Numeric","Numeric","Numeric","Numeric","Numeric","Numeric","Numeric","Numeric","Numeric","Numeric","Numeric","Numeric","Numeric","Numeric","Numeric","Numeric","Numeric","Numeric","Numeric","Numeric"],"domains":[null,null,null,null,null,null,null,null,null,null,null,null,null,null,null,null,null,null,null,null,null,null,null,null,null,null,null,null,null,null,null,null,null,null,null,null,null,null,null,null,null,null,null,null,null,null,null,null,null,null,null],"cross_validation_models":[{"__meta":{"schema_version":3,"schema_name":"ModelKeyV3","schema_type":"Key<Model>"},"name":"GLM_model_python_1735565212779_3_cv_1","type":"Key<Model>","URL":"/3/Models/GLM_model_python_1735565212779_3_cv_1"},{"__meta":{"schema_version":3,"schema_name":"ModelKeyV3","schema_type":"Key<Model>"},"name":"GLM_model_python_1735565212779_3_cv_2","type":"Key<Model>","URL":"/3/Models/GLM_model_python_1735565212779_3_cv_2"},{"__meta":{"schema_version":3,"schema_name":"ModelKeyV3","schema_type":"Key<Model>"},"name":"GLM_model_python_1735565212779_3_cv_3","type":"Key<Model>","URL":"/3/Models/GLM_model_python_1735565212779_3_cv_3"},{"__meta":{"schema_version":3,"schema_name":"ModelKeyV3","schema_type":"Key<Model>"},"name":"GLM_model_python_1735565212779_3_cv_4","type":"Key<Model>","URL":"/3/Models/GLM_model_python_1735565212779_3_cv_4"},{"__meta":{"schema_version":3,"schema_name":"ModelKeyV3","schema_type":"Key<Model>"},"name":"GLM_model_python_1735565212779_3_cv_5","type":"Key<Model>","URL":"/3/Models/GLM_model_python_1735565212779_3_cv_5"}],"cross_validation_predictions":[{"__meta":{"schema_version":3,"schema_name":"FrameKeyV3","schema_type":"Key<Frame>"},"name":"prediction_GLM_model_python_1735565212779_3_cv_1","type":"Key<Frame>","URL":"/3/Frames/prediction_GLM_model_python_1735565212779_3_cv_1"},{"__meta":{"schema_version":3,"schema_name":"FrameKeyV3","schema_type":"Key<Frame>"},"name":"prediction_GLM_model_python_1735565212779_3_cv_2","type":"Key<Frame>","URL":"/3/Frames/prediction_GLM_model_python_1735565212779_3_cv_2"},{"__meta":{"schema_version":3,"schema_name":"FrameKeyV3","schema_type":"Key<Frame>"},"name":"prediction_GLM_model_python_1735565212779_3_cv_3","type":"Key<Frame>","URL":"/3/Frames/prediction_GLM_model_python_1735565212779_3_cv_3"},{"__meta":{"schema_version":3,"schema_name":"FrameKeyV3","schema_type":"Key<Frame>"},"name":"prediction_GLM_model_python_1735565212779_3_cv_4","type":"Key<Frame>","URL":"/3/Frames/prediction_GLM_model_python_1735565212779_3_cv_4"},{"__meta":{"schema_version":3,"schema_name":"FrameKeyV3","schema_type":"Key<Frame>"},"name":"prediction_GLM_model_python_1735565212779_3_cv_5","type":"Key<Frame>","URL":"/3/Frames/prediction_GLM_model_python_1735565212779_3_cv_5"}],"cross_validation_holdout_predictions_frame_id":{"__meta":{"schema_version":3,"schema_name":"FrameKeyV3","schema_type":"Key<Frame>"},"name":"cv_holdout_prediction_GLM_model_python_1735565212779_3","type":"Key<Frame>","URL":"/3/Frames/cv_holdout_prediction_GLM_model_python_1735565212779_3"},"cross_validation_fold_assignment_frame_id":null,"model_category":"Regression","model_summary":{"__meta":{"schema_version":3,"schema_name":"TwoDimTableV3","schema_type":"TwoDimTable"},"name":"GLM Model","description":"summary","columns":[{"__meta":{"schema_version":-1,"schema_name":"ColumnSpecsBase","schema_type":"Iced"},"name":"","type":"string","format":"%s","description":""},{"__meta":{"schema_version":-1,"schema_name":"ColumnSpecsBase","schema_type":"Iced"},"name":"family","type":"string","format":"%s","description":"Family"},{"__meta":{"schema_version":-1,"schema_name":"ColumnSpecsBase","schema_type":"Iced"},"name":"link","type":"string","format":"%s","description":"Link"},{"__meta":{"schema_version":-1,"schema_name":"ColumnSpecsBase","schema_type":"Iced"},"name":"regularization","type":"string","format":"%s","description":"Regularization"},{"__meta":{"schema_version":-1,"schema_name":"ColumnSpecsBase","schema_type":"Iced"},"name":"number_of_predictors_total","type":"int","format":"%d","description":"Number of Predictors Total"},{"__meta":{"schema_version":-1,"schema_name":"ColumnSpecsBase","schema_type":"Iced"},"name":"number_of_active_predictors","type":"int","format":"%d","description":"Number of Active Predictors"},{"__meta":{"schema_version":-1,"schema_name":"ColumnSpecsBase","schema_type":"Iced"},"name":"number_of_iterations","type":"int","format":"%d","description":"Number of Iterations"},{"__meta":{"schema_version":-1,"schema_name":"ColumnSpecsBase","schema_type":"Iced"},"name":"training_frame","type":"string","format":"%s","description":"Training Frame"}],"rowcount":1,"data":[[""],["gaussian"],["identity"],["Elastic Net (alpha = 0.5, lambda = 0.00595 )"],[50],["48"],[1],["py_1_sid_bab8"]]},"scoring_history":{"__meta":{"schema_version":3,"schema_name":"TwoDimTableV3","schema_type":"TwoDimTable"},"name":"Scoring History","description":"","columns":[{"__meta":{"schema_version":-1,"schema_name":"ColumnSpecsBase","schema_type":"Iced"},"name":"","type":"string","format":"%s","description":""},{"__meta":{"schema_version":-1,"schema_name":"ColumnSpecsBase","schema_type":"Iced"},"name":"timestamp","type":"string","format":"%s","description":"timestamp"},{"__meta":{"schema_version":-1,"schema_name":"ColumnSpecsBase","schema_type":"Iced"},"name":"duration","type":"string","format":"%s","description":"duration"},{"__meta":{"schema_version":-1,"schema_name":"ColumnSpecsBase","schema_type":"Iced"},"name":"iterations","type":"int","format":"%d","description":"iterations"},{"__meta":{"schema_version":-1,"schema_name":"ColumnSpecsBase","schema_type":"Iced"},"name":"negative_log_likelihood","type":"double","format":"%.5f","description":"negative_log_likelihood"},{"__meta":{"schema_version":-1,"schema_name":"ColumnSpecsBase","schema_type":"Iced"},"name":"objective","type":"double","format":"%.5f","description":"objective"},{"__meta":{"schema_version":-1,"schema_name":"ColumnSpecsBase","schema_type":"Iced"},"name":"training_rmse","type":"double","format":"%.5f","description":"Training RMSE"},{"__meta":{"schema_version":-1,"schema_name":"ColumnSpecsBase","schema_type":"Iced"},"name":"training_deviance","type":"double","format":"%.5f","description":"Training Deviance"},{"__meta":{"schema_version":-1,"schema_name":"ColumnSpecsBase","schema_type":"Iced"},"name":"training_mae","type":"double","format":"%.5f","description":"Training MAE"},{"__meta":{"schema_version":-1,"schema_name":"ColumnSpecsBase","schema_type":"Iced"},"name":"training_r2","type":"double","format":"%.5f","description":"Training r2"},{"__meta":{"schema_version":-1,"schema_name":"ColumnSpecsBase","schema_type":"Iced"},"name":"validation_rmse","type":"double","format":"%.5f","description":"Validation RMSE"},{"__meta":{"schema_version":-1,"schema_name":"ColumnSpecsBase","schema_type":"Iced"},"name":"validation_deviance","type":"double","format":"%.5f","description":"Validation Deviance"},{"__meta":{"schema_version":-1,"schema_name":"ColumnSpecsBase","schema_type":"Iced"},"name":"validation_mae","type":"double","format":"%.5f","description":"Validation MAE"},{"__meta":{"schema_version":-1,"schema_name":"ColumnSpecsBase","schema_type":"Iced"},"name":"validation_r2","type":"double","format":"%.5f","description":"Validation r2"}],"rowcount":2,"data":[["",""],["2024-12-30 21:27:39","2024-12-30 21:27:39"],[" 0.000 sec"," 0.024 sec"],[0,1],[313287.6006594614,null],[57.389192280538815,null],[null,0.7510357809586381],[null,0.5640547442801513],[null,0.5337681556266118],[null,0.9901714116915455],[null,0.7506743334536881],[null,0.5635119549061388],[null,0.5451095717740327],[null,0.9901878355008397]]},"cv_scoring_history":[{"__meta":{"schema_version":3,"schema_name":"TwoDimTableV3","schema_type":"TwoDimTable"},"name":"Scoring History","description":"","columns":[{"__meta":{"schema_version":-1,"schema_name":"ColumnSpecsBase","schema_type":"Iced"},"name":"","type":"string","format":"%s","description":""},{"__meta":{"schema_version":-1,"schema_name":"ColumnSpecsBase","schema_type":"Iced"},"name":"timestamp","type":"string","format":"%s","description":"timestamp"},{"__meta":{"schema_version":-1,"schema_name":"ColumnSpecsBase","schema_type":"Iced"},"name":"duration","type":"string","format":"%s","description":"duration"},{"__meta":{"schema_version":-1,"schema_name":"ColumnSpecsBase","schema_type":"Iced"},"name":"iterations","type":"int","format":"%d","description":"iterations"},{"__meta":{"schema_version":-1,"schema_name":"ColumnSpecsBase","schema_type":"Iced"},"name":"negative_log_likelihood","type":"double","format":"%.5f","description":"negative_log_likelihood"},{"__meta":{"schema_version":-1,"schema_name":"ColumnSpecsBase","schema_type":"Iced"},"name":"objective","type":"double","format":"%.5f","description":"objective"},{"__meta":{"schema_version":-1,"schema_name":"ColumnSpecsBase","schema_type":"Iced"},"name":"training_rmse","type":"double","format":"%.5f","description":"Training RMSE"},{"__meta":{"schema_version":-1,"schema_name":"ColumnSpecsBase","schema_type":"Iced"},"name":"training_deviance","type":"double","format":"%.5f","description":"Training Deviance"},{"__meta":{"schema_version":-1,"schema_name":"ColumnSpecsBase","schema_type":"Iced"},"name":"training_mae","type":"double","format":"%.5f","description":"Training MAE"},{"__meta":{"schema_version":-1,"schema_name":"ColumnSpecsBase","schema_type":"Iced"},"name":"training_r2","type":"double","format":"%.5f","description":"Training r2"},{"__meta":{"schema_version":-1,"schema_name":"ColumnSpecsBase","schema_type":"Iced"},"name":"validation_rmse","type":"double","format":"%.5f","description":"Validation RMSE"},{"__meta":{"schema_version":-1,"schema_name":"ColumnSpecsBase","schema_type":"Iced"},"name":"validation_deviance","type":"double","format":"%.5f","description":"Validation Deviance"},{"__meta":{"schema_version":-1,"schema_name":"ColumnSpecsBase","schema_type":"Iced"},"name":"validation_mae","type":"double","format":"%.5f","description":"Validation MAE"},{"__meta":{"schema_version":-1,"schema_name":"ColumnSpecsBase","schema_type":"Iced"},"name":"validation_r2","type":"double","format":"%.5f","description":"Validation r2"}],"rowcount":2,"data":[["",""],["2024-12-30 21:27:39","2024-12-30 21:27:39"],[" 0.000 sec"," 0.112 sec"],[0,2],[248552.93536080598,null],[45.53085461820956,null],[null,0.7440213523072999],[null,0.5535677726891833],[null,0.5290160478143462],[null,0.9903224220996614],[null,0.7872830658384393],[null,0.6198146257559725],[null,0.5496319351191511],[null,0.9893245905787553]]},{"__meta":{"schema_version":3,"schema_name":"TwoDimTableV3","schema_type":"TwoDimTable"},"name":"Scoring History","description":"","columns":[{"__meta":{"schema_version":-1,"schema_name":"ColumnSpecsBase","schema_type":"Iced"},"name":"","type":"string","format":"%s","description":""},{"__meta":{"schema_version":-1,"schema_name":"ColumnSpecsBase","schema_type":"Iced"},"name":"timestamp","type":"string","format":"%s","description":"timestamp"},{"__meta":{"schema_version":-1,"schema_name":"ColumnSpecsBase","schema_type":"Iced"},"name":"duration","type":"string","format":"%s","description":"duration"},{"__meta":{"schema_version":-1,"schema_name":"ColumnSpecsBase","schema_type":"Iced"},"name":"iterations","type":"int","format":"%d","description":"iterations"},{"__meta":{"schema_version":-1,"schema_name":"ColumnSpecsBase","schema_type":"Iced"},"name":"negative_log_likelihood","type":"double","format":"%.5f","description":"negative_log_likelihood"},{"__meta":{"schema_version":-1,"schema_name":"ColumnSpecsBase","schema_type":"Iced"},"name":"objective","type":"double","format":"%.5f","description":"objective"},{"__meta":{"schema_version":-1,"schema_name":"ColumnSpecsBase","schema_type":"Iced"},"name":"training_rmse","type":"double","format":"%.5f","description":"Training RMSE"},{"__meta":{"schema_version":-1,"schema_name":"ColumnSpecsBase","schema_type":"Iced"},"name":"training_deviance","type":"double","format":"%.5f","description":"Training Deviance"},{"__meta":{"schema_version":-1,"schema_name":"ColumnSpecsBase","schema_type":"Iced"},"name":"training_mae","type":"double","format":"%.5f","description":"Training MAE"},{"__meta":{"schema_version":-1,"schema_name":"ColumnSpecsBase","schema_type":"Iced"},"name":"training_r2","type":"double","format":"%.5f","description":"Training r2"},{"__meta":{"schema_version":-1,"schema_name":"ColumnSpecsBase","schema_type":"Iced"},"name":"validation_rmse","type":"double","format":"%.5f","description":"Validation RMSE"},{"__meta":{"schema_version":-1,"schema_name":"ColumnSpecsBase","schema_type":"Iced"},"name":"validation_deviance","type":"double","format":"%.5f","description":"Validation Deviance"},{"__meta":{"schema_version":-1,"schema_name":"ColumnSpecsBase","schema_type":"Iced"},"name":"validation_mae","type":"double","format":"%.5f","description":"Validation MAE"},{"__meta":{"schema_version":-1,"schema_name":"ColumnSpecsBase","schema_type":"Iced"},"name":"validation_r2","type":"double","format":"%.5f","description":"Validation r2"}],"rowcount":2,"data":[["",""],["2024-12-30 21:27:39","2024-12-30 21:27:39"],[" 0.000 sec"," 0.020 sec"],[0,1],[253340.6254078891,null],[46.407881554843215,null],[null,0.7485067513243171],[null,0.560262356778083],[null,0.5326726960152206],[null,0.9902800940345057],[null,0.7677313596526647],[null,0.5894114405941292],[null,0.5563084804233179],[null,0.9895315494384579]]},{"__meta":{"schema_version":3,"schema_name":"TwoDimTableV3","schema_type":"TwoDimTable"},"name":"Scoring History","description":"","columns":[{"__meta":{"schema_version":-1,"schema_name":"ColumnSpecsBase","schema_type":"Iced"},"name":"","type":"string","format":"%s","description":""},{"__meta":{"schema_version":-1,"schema_name":"ColumnSpecsBase","schema_type":"Iced"},"name":"timestamp","type":"string","format":"%s","description":"timestamp"},{"__meta":{"schema_version":-1,"schema_name":"ColumnSpecsBase","schema_type":"Iced"},"name":"duration","type":"string","format":"%s","description":"duration"},{"__meta":{"schema_version":-1,"schema_name":"ColumnSpecsBase","schema_type":"Iced"},"name":"iterations","type":"int","format":"%d","description":"iterations"},{"__meta":{"schema_version":-1,"schema_name":"ColumnSpecsBase","schema_type":"Iced"},"name":"negative_log_likelihood","type":"double","format":"%.5f","description":"negative_log_likelihood"},{"__meta":{"schema_version":-1,"schema_name":"ColumnSpecsBase","schema_type":"Iced"},"name":"objective","type":"double","format":"%.5f","description":"objective"},{"__meta":{"schema_version":-1,"schema_name":"ColumnSpecsBase","schema_type":"Iced"},"name":"training_rmse","type":"double","format":"%.5f","description":"Training RMSE"},{"__meta":{"schema_version":-1,"schema_name":"ColumnSpecsBase","schema_type":"Iced"},"name":"training_deviance","type":"double","format":"%.5f","description":"Training Deviance"},{"__meta":{"schema_version":-1,"schema_name":"ColumnSpecsBase","schema_type":"Iced"},"name":"training_mae","type":"double","format":"%.5f","description":"Training MAE"},{"__meta":{"schema_version":-1,"schema_name":"ColumnSpecsBase","schema_type":"Iced"},"name":"training_r2","type":"double","format":"%.5f","description":"Training r2"},{"__meta":{"schema_version":-1,"schema_name":"ColumnSpecsBase","schema_type":"Iced"},"name":"validation_rmse","type":"double","format":"%.5f","description":"Validation RMSE"},{"__meta":{"schema_version":-1,"schema_name":"ColumnSpecsBase","schema_type":"Iced"},"name":"validation_deviance","type":"double","format":"%.5f","description":"Validation Deviance"},{"__meta":{"schema_version":-1,"schema_name":"ColumnSpecsBase","schema_type":"Iced"},"name":"validation_mae","type":"double","format":"%.5f","description":"Validation MAE"},{"__meta":{"schema_version":-1,"schema_name":"ColumnSpecsBase","schema_type":"Iced"},"name":"validation_r2","type":"double","format":"%.5f","description":"Validation r2"}],"rowcount":2,"data":[["",""],["2024-12-30 21:27:39","2024-12-30 21:27:39"],[" 0.000 sec"," 0.012 sec"],[0,2],[249051.35023508352,null],[45.622156115604234,null],[null,0.7613657758162521],[null,0.5796778445842834],[null,0.5438430654681705],[null,0.9898812501064841],[null,0.71958739017193],[null,0.5178060120944494],[null,0.5200696903179415],[null,0.9910238615896729]]},{"__meta":{"schema_version":3,"schema_name":"TwoDimTableV3","schema_type":"TwoDimTable"},"name":"Scoring History","description":"","columns":[{"__meta":{"schema_version":-1,"schema_name":"ColumnSpecsBase","schema_type":"Iced"},"name":"","type":"string","format":"%s","description":""},{"__meta":{"schema_version":-1,"schema_name":"ColumnSpecsBase","schema_type":"Iced"},"name":"timestamp","type":"string","format":"%s","description":"timestamp"},{"__meta":{"schema_version":-1,"schema_name":"ColumnSpecsBase","schema_type":"Iced"},"name":"duration","type":"string","format":"%s","description":"duration"},{"__meta":{"schema_version":-1,"schema_name":"ColumnSpecsBase","schema_type":"Iced"},"name":"iterations","type":"int","format":"%d","description":"iterations"},{"__meta":{"schema_version":-1,"schema_name":"ColumnSpecsBase","schema_type":"Iced"},"name":"negative_log_likelihood","type":"double","format":"%.5f","description":"negative_log_likelihood"},{"__meta":{"schema_version":-1,"schema_name":"ColumnSpecsBase","schema_type":"Iced"},"name":"objective","type":"double","format":"%.5f","description":"objective"},{"__meta":{"schema_version":-1,"schema_name":"ColumnSpecsBase","schema_type":"Iced"},"name":"training_rmse","type":"double","format":"%.5f","description":"Training RMSE"},{"__meta":{"schema_version":-1,"schema_name":"ColumnSpecsBase","schema_type":"Iced"},"name":"training_deviance","type":"double","format":"%.5f","description":"Training Deviance"},{"__meta":{"schema_version":-1,"schema_name":"ColumnSpecsBase","schema_type":"Iced"},"name":"training_mae","type":"double","format":"%.5f","description":"Training MAE"},{"__meta":{"schema_version":-1,"schema_name":"ColumnSpecsBase","schema_type":"Iced"},"name":"training_r2","type":"double","format":"%.5f","description":"Training r2"},{"__meta":{"schema_version":-1,"schema_name":"ColumnSpecsBase","schema_type":"Iced"},"name":"validation_rmse","type":"double","format":"%.5f","description":"Validation RMSE"},{"__meta":{"schema_version":-1,"schema_name":"ColumnSpecsBase","schema_type":"Iced"},"name":"validation_deviance","type":"double","format":"%.5f","description":"Validation Deviance"},{"__meta":{"schema_version":-1,"schema_name":"ColumnSpecsBase","schema_type":"Iced"},"name":"validation_mae","type":"double","format":"%.5f","description":"Validation MAE"},{"__meta":{"schema_version":-1,"schema_name":"ColumnSpecsBase","schema_type":"Iced"},"name":"validation_r2","type":"double","format":"%.5f","description":"Validation r2"}],"rowcount":2,"data":[["",""],["2024-12-30 21:27:39","2024-12-30 21:27:39"],[" 0.000 sec"," 0.008 sec"],[0,1],[250884.92920208766,null],[45.95803795605196,null],[null,0.7457109395637566],[null,0.5560848053850607],[null,0.531640802289062],[null,0.9903002727345576],[null,0.7800035703550084],[null,0.6084055697665607],[null,0.5421002139339919],[null,0.9894348791863463]]},{"__meta":{"schema_version":3,"schema_name":"TwoDimTableV3","schema_type":"TwoDimTable"},"name":"Scoring History","description":"","columns":[{"__meta":{"schema_version":-1,"schema_name":"ColumnSpecsBase","schema_type":"Iced"},"name":"","type":"string","format":"%s","description":""},{"__meta":{"schema_version":-1,"schema_name":"ColumnSpecsBase","schema_type":"Iced"},"name":"timestamp","type":"string","format":"%s","description":"timestamp"},{"__meta":{"schema_version":-1,"schema_name":"ColumnSpecsBase","schema_type":"Iced"},"name":"duration","type":"string","format":"%s","description":"duration"},{"__meta":{"schema_version":-1,"schema_name":"ColumnSpecsBase","schema_type":"Iced"},"name":"iterations","type":"int","format":"%d","description":"iterations"},{"__meta":{"schema_version":-1,"schema_name":"ColumnSpecsBase","schema_type":"Iced"},"name":"negative_log_likelihood","type":"double","format":"%.5f","description":"negative_log_likelihood"},{"__meta":{"schema_version":-1,"schema_name":"ColumnSpecsBase","schema_type":"Iced"},"name":"objective","type":"double","format":"%.5f","description":"objective"},{"__meta":{"schema_version":-1,"schema_name":"ColumnSpecsBase","schema_type":"Iced"},"name":"training_rmse","type":"double","format":"%.5f","description":"Training RMSE"},{"__meta":{"schema_version":-1,"schema_name":"ColumnSpecsBase","schema_type":"Iced"},"name":"training_deviance","type":"double","format":"%.5f","description":"Training Deviance"},{"__meta":{"schema_version":-1,"schema_name":"ColumnSpecsBase","schema_type":"Iced"},"name":"training_mae","type":"double","format":"%.5f","description":"Training MAE"},{"__meta":{"schema_version":-1,"schema_name":"ColumnSpecsBase","schema_type":"Iced"},"name":"training_r2","type":"double","format":"%.5f","description":"Training r2"},{"__meta":{"schema_version":-1,"schema_name":"ColumnSpecsBase","schema_type":"Iced"},"name":"validation_rmse","type":"double","format":"%.5f","description":"Validation RMSE"},{"__meta":{"schema_version":-1,"schema_name":"ColumnSpecsBase","schema_type":"Iced"},"name":"validation_deviance","type":"double","format":"%.5f","description":"Validation Deviance"},{"__meta":{"schema_version":-1,"schema_name":"ColumnSpecsBase","schema_type":"Iced"},"name":"validation_mae","type":"double","format":"%.5f","description":"Validation MAE"},{"__meta":{"schema_version":-1,"schema_name":"ColumnSpecsBase","schema_type":"Iced"},"name":"validation_r2","type":"double","format":"%.5f","description":"Validation r2"}],"rowcount":2,"data":[["",""],["2024-12-30 21:27:39","2024-12-30 21:27:39"],[" 0.000 sec"," 0.008 sec"],[0,1],[251320.56243197928,null],[46.03783887744628,null],[null,0.7525731839137897],[null,0.5663663971461388],[null,0.5339267470262298],[null,0.9901451448998301],[null,0.7549880889389141],[null,0.5700070144396338],[null,0.5393068846791682],[null,0.9900098804972964]]}],"reproducibility_information_table":[{"__meta":{"schema_version":3,"schema_name":"TwoDimTableV3","schema_type":"TwoDimTable"},"name":"Node Information","description":"","columns":[{"__meta":{"schema_version":-1,"schema_name":"ColumnSpecsBase","schema_type":"Iced"},"name":"","type":"string","format":"%s","description":""},{"__meta":{"schema_version":-1,"schema_name":"ColumnSpecsBase","schema_type":"Iced"},"name":"node","type":"int","format":"%d","description":"node"},{"__meta":{"schema_version":-1,"schema_name":"ColumnSpecsBase","schema_type":"Iced"},"name":"h2o","type":"string","format":"%s","description":"h2o"},{"__meta":{"schema_version":-1,"schema_name":"ColumnSpecsBase","schema_type":"Iced"},"name":"healthy","type":"string","format":"%s","description":"healthy"},{"__meta":{"schema_version":-1,"schema_name":"ColumnSpecsBase","schema_type":"Iced"},"name":"last_ping","type":"string","format":"%s","description":"last_ping"},{"__meta":{"schema_version":-1,"schema_name":"ColumnSpecsBase","schema_type":"Iced"},"name":"num_cpus","type":"int","format":"%d","description":"num_cpus"},{"__meta":{"schema_version":-1,"schema_name":"ColumnSpecsBase","schema_type":"Iced"},"name":"sys_load","type":"double","format":"%.5f","description":"sys_load"},{"__meta":{"schema_version":-1,"schema_name":"ColumnSpecsBase","schema_type":"Iced"},"name":"mem_value_size","type":"long","format":"%d","description":"mem_value_size"},{"__meta":{"schema_version":-1,"schema_name":"ColumnSpecsBase","schema_type":"Iced"},"name":"free_mem","type":"long","format":"%d","description":"free_mem"},{"__meta":{"schema_version":-1,"schema_name":"ColumnSpecsBase","schema_type":"Iced"},"name":"pojo_mem","type":"long","format":"%d","description":"pojo_mem"},{"__meta":{"schema_version":-1,"schema_name":"ColumnSpecsBase","schema_type":"Iced"},"name":"swap_mem","type":"long","format":"%d","description":"swap_mem"},{"__meta":{"schema_version":-1,"schema_name":"ColumnSpecsBase","schema_type":"Iced"},"name":"free_disc","type":"long","format":"%d","description":"free_disc"},{"__meta":{"schema_version":-1,"schema_name":"ColumnSpecsBase","schema_type":"Iced"},"name":"max_disc","type":"long","format":"%d","description":"max_disc"},{"__meta":{"schema_version":-1,"schema_name":"ColumnSpecsBase","schema_type":"Iced"},"name":"pid","type":"int","format":"%d","description":"pid"},{"__meta":{"schema_version":-1,"schema_name":"ColumnSpecsBase","schema_type":"Iced"},"name":"num_keys","type":"int","format":"%d","description":"num_keys"},{"__meta":{"schema_version":-1,"schema_name":"ColumnSpecsBase","schema_type":"Iced"},"name":"tcps_active","type":"string","format":"%s","description":"tcps_active"},{"__meta":{"schema_version":-1,"schema_name":"ColumnSpecsBase","schema_type":"Iced"},"name":"open_fds","type":"int","format":"%d","description":"open_fds"},{"__meta":{"schema_version":-1,"schema_name":"ColumnSpecsBase","schema_type":"Iced"},"name":"rpcs_active","type":"string","format":"%s","description":"rpcs_active"},{"__meta":{"schema_version":-1,"schema_name":"ColumnSpecsBase","schema_type":"Iced"},"name":"nthreads","type":"int","format":"%d","description":"nthreads"},{"__meta":{"schema_version":-1,"schema_name":"ColumnSpecsBase","schema_type":"Iced"},"name":"is_leader","type":"string","format":"%s","description":"is_leader"},{"__meta":{"schema_version":-1,"schema_name":"ColumnSpecsBase","schema_type":"Iced"},"name":"total_mem","type":"long","format":"%d","description":"total_mem"},{"__meta":{"schema_version":-1,"schema_name":"ColumnSpecsBase","schema_type":"Iced"},"name":"max_mem","type":"long","format":"%d","description":"max_mem"},{"__meta":{"schema_version":-1,"schema_name":"ColumnSpecsBase","schema_type":"Iced"},"name":"java_version","type":"string","format":"%s","description":"java_version"},{"__meta":{"schema_version":-1,"schema_name":"ColumnSpecsBase","schema_type":"Iced"},"name":"jvm_launch_parameters","type":"string","format":"%s","description":"jvm_launch_parameters"},{"__meta":{"schema_version":-1,"schema_name":"ColumnSpecsBase","schema_type":"Iced"},"name":"os_version","type":"string","format":"%s","description":"os_version"},{"__meta":{"schema_version":-1,"schema_name":"ColumnSpecsBase","schema_type":"Iced"},"name":"machine_physical_mem","type":"long","format":"%d","description":"machine_physical_mem"},{"__meta":{"schema_version":-1,"schema_name":"ColumnSpecsBase","schema_type":"Iced"},"name":"machine_locale","type":"string","format":"%s","description":"machine_locale"}],"rowcount":1,"data":[[""],[0],["127.0.0.1:54321"],["true"],["1735565258969"],[16],[0.6195033],[42639752],[3677014064],[64656968],[0],[356272570368],[1022869110784],[8876],[13464],["\u0000"],[-1],["\u0000"],[16],["true"],[1579679744],[3784310784],["Java 1.8.0_421 (from Oracle Corporation)"],["[-ea]"],["Windows 10 10.0 (amd64)"],[17024741376],["zh_CN"]]},{"__meta":{"schema_version":3,"schema_name":"TwoDimTableV3","schema_type":"TwoDimTable"},"name":"Cluster Configuration","description":"","columns":[{"__meta":{"schema_version":-1,"schema_name":"ColumnSpecsBase","schema_type":"Iced"},"name":"","type":"string","format":"%s","description":""},{"__meta":{"schema_version":-1,"schema_name":"ColumnSpecsBase","schema_type":"Iced"},"name":"h2o_cluster_uptime","type":"long","format":"%d","description":"H2O cluster uptime"},{"__meta":{"schema_version":-1,"schema_name":"ColumnSpecsBase","schema_type":"Iced"},"name":"h2o_cluster_timezone","type":"string","format":"%s","description":"H2O cluster timezone"},{"__meta":{"schema_version":-1,"schema_name":"ColumnSpecsBase","schema_type":"Iced"},"name":"h2o_data_parsing_timezone","type":"string","format":"%s","description":"H2O data parsing timezone"},{"__meta":{"schema_version":-1,"schema_name":"ColumnSpecsBase","schema_type":"Iced"},"name":"h2o_cluster_version","type":"string","format":"%s","description":"H2O cluster version"},{"__meta":{"schema_version":-1,"schema_name":"ColumnSpecsBase","schema_type":"Iced"},"name":"h2o_cluster_version_age","type":"string","format":"%s","description":"H2O cluster version age"},{"__meta":{"schema_version":-1,"schema_name":"ColumnSpecsBase","schema_type":"Iced"},"name":"h2o_cluster_name","type":"string","format":"%s","description":"H2O cluster name"},{"__meta":{"schema_version":-1,"schema_name":"ColumnSpecsBase","schema_type":"Iced"},"name":"h2o_cluster_total_nodes","type":"int","format":"%d","description":"H2O cluster total nodes"},{"__meta":{"schema_version":-1,"schema_name":"ColumnSpecsBase","schema_type":"Iced"},"name":"h2o_cluster_free_memory","type":"long","format":"%d","description":"H2O cluster free memory"},{"__meta":{"schema_version":-1,"schema_name":"ColumnSpecsBase","schema_type":"Iced"},"name":"h2o_cluster_total_cores","type":"int","format":"%d","description":"H2O cluster total cores"},{"__meta":{"schema_version":-1,"schema_name":"ColumnSpecsBase","schema_type":"Iced"},"name":"h2o_cluster_allowed_cores","type":"int","format":"%d","description":"H2O cluster allowed cores"},{"__meta":{"schema_version":-1,"schema_name":"ColumnSpecsBase","schema_type":"Iced"},"name":"h2o_cluster_status","type":"string","format":"%s","description":"H2O cluster status"},{"__meta":{"schema_version":-1,"schema_name":"ColumnSpecsBase","schema_type":"Iced"},"name":"h2o_internal_security","type":"string","format":"%s","description":"H2O internal security"},{"__meta":{"schema_version":-1,"schema_name":"ColumnSpecsBase","schema_type":"Iced"},"name":"h2o_api_extensions","type":"string","format":"%s","description":"H2O API Extensions"}],"rowcount":1,"data":[[""],[46302],["Asia/Singapore"],["UTC"],["3.46.0.6"],["1 month and 28 days"],["H2O_from_python_chunhong_r6ncgh"],[1],[3677014064],[16],[16],["locked, healthly"],["false"],["Mojo 2 pipeline extensions, Amazon S3, Algos, Infogram, AutoML, Core V3, TargetEncoder, Core V4"]]},{"__meta":{"schema_version":3,"schema_name":"TwoDimTableV3","schema_type":"TwoDimTable"},"name":"Input Frames Information","description":"","columns":[{"__meta":{"schema_version":-1,"schema_name":"ColumnSpecsBase","schema_type":"Iced"},"name":"","type":"string","format":"%s","description":""},{"__meta":{"schema_version":-1,"schema_name":"ColumnSpecsBase","schema_type":"Iced"},"name":"input_frame","type":"string","format":"%s","description":"Input Frame"},{"__meta":{"schema_version":-1,"schema_name":"ColumnSpecsBase","schema_type":"Iced"},"name":"checksum","type":"long","format":"%d","description":"Checksum"},{"__meta":{"schema_version":-1,"schema_name":"ColumnSpecsBase","schema_type":"Iced"},"name":"espc","type":"string","format":"%d","description":"ESPC"}],"rowcount":2,"data":[["",""],["training_frame","validation_frame"],[-217094495928205816,742895462724214852],["[0, 84, 170, 255, 340, 426, 511, 597, 682, 767, 852, 938, 1023, 1108, 1194, 1279, 1364, 1450, 1535, 1620, 1706, 1791, 1876, 1962, 2047, 2132, 2217, 2303, 2388, 2473, 2559, 2644, 2729, 2815, 2900, 2985, 3071, 3156, 3242, 3327, 3412, 3498, 3583, 3668, 3754, 3839, 3924, 4009, 4095, 4180, 4265, 4351, 4436, 4521, 4607, 4692, 4777, 4862, 4948, 5033, 5118, 5204, 5289, 5374, 5459]","[0, 17, 36, 54, 72, 91, 109, 127, 145, 164, 182, 200, 219, 237, 255, 274, 292, 310, 329, 347, 365, 383, 402, 420, 438, 457, 475, 493, 512, 530, 548, 567, 585, 603, 621, 640, 658, 676, 695, 713, 731, 750, 768, 786, 805, 823, 841, 859, 878, 896, 914, 933, 951, 969, 987, 1006, 1024, 1042, 1061, 1079, 1097, 1116, 1134, 1152, 1170]"]]}],"training_metrics":{"__meta":{"schema_version":3,"schema_name":"ModelMetricsRegressionGLMV3","schema_type":"ModelMetricsRegressionGLM"},"model":{"__meta":{"schema_version":3,"schema_name":"ModelKeyV3","schema_type":"Key<Model>"},"name":"GLM_model_python_1735565212779_3","type":"Key<Model>","URL":"/3/Models/GLM_model_python_1735565212779_3"},"model_checksum":-1389798841327260464,"frame":{"__meta":{"schema_version":3,"schema_name":"FrameKeyV3","schema_type":"Key<Frame>"},"name":"py_1_sid_bab8","type":"Key<Frame>","URL":"/3/Frames/py_1_sid_bab8"},"frame_checksum":-217094495928205816,"description":null,"model_category":"Regression","scoring_time":1735565259909,"predictions":null,"MSE":0.5640547442801513,"RMSE":0.7510357809586381,"nobs":5459,"custom_metric_name":null,"custom_metric_value":0.0,"r2":0.9901714116915455,"mean_residual_deviance":0.5640547442801513,"mae":0.5337681556266118,"rmsle":"NaN","loglikelihood":0.0,"AIC":12466.125844937176,"residual_deviance":3079.1748490253462,"null_deviance":313287.6006594614,"AIC":12466.125844937176,"loglikelihood":0.0,"null_degrees_of_freedom":5458,"residual_degrees_of_freedom":5410},"validation_metrics":{"__meta":{"schema_version":3,"schema_name":"ModelMetricsRegressionGLMV3","schema_type":"ModelMetricsRegressionGLM"},"model":{"__meta":{"schema_version":3,"schema_name":"ModelKeyV3","schema_type":"Key<Model>"},"name":"GLM_model_python_1735565212779_3","type":"Key<Model>","URL":"/3/Models/GLM_model_python_1735565212779_3"},"model_checksum":-1389798841327260464,"frame":{"__meta":{"schema_version":3,"schema_name":"FrameKeyV3","schema_type":"Key<Frame>"},"name":"py_2_sid_bab8","type":"Key<Frame>","URL":"/3/Frames/py_2_sid_bab8"},"frame_checksum":742895462724214852,"description":null,"model_category":"Regression","scoring_time":1735565259913,"predictions":null,"MSE":0.5635119549061388,"RMSE":0.7506743334536881,"nobs":1170,"custom_metric_name":null,"custom_metric_value":0.0,"r2":0.9901878355008397,"mean_residual_deviance":0.5635119549061388,"mae":0.5451095717740327,"rmsle":"NaN","loglikelihood":0.0,"AIC":2749.2430932745665,"residual_deviance":659.3089872401824,"null_deviance":67193.0502341876,"AIC":2749.2430932745665,"loglikelihood":0.0,"null_degrees_of_freedom":1169,"residual_degrees_of_freedom":1121},"cross_validation_metrics":{"__meta":{"schema_version":3,"schema_name":"ModelMetricsRegressionGLMV3","schema_type":"ModelMetricsRegressionGLM"},"model":{"__meta":{"schema_version":3,"schema_name":"ModelKeyV3","schema_type":"Key<Model>"},"name":"GLM_model_python_1735565212779_3","type":"Key<Model>","URL":"/3/Models/GLM_model_python_1735565212779_3"},"model_checksum":-1389798841327260464,"frame":{"__meta":{"schema_version":3,"schema_name":"FrameKeyV3","schema_type":"Key<Frame>"},"name":"py_1_sid_bab8","type":"Key<Frame>","URL":"/3/Frames/py_1_sid_bab8"},"frame_checksum":-217094495928205816,"description":"5-fold cross-validation on training data (Metrics computed for combined holdout predictions)","model_category":"Regression","scoring_time":1735565259921,"predictions":null,"MSE":0.5809376078168093,"RMSE":0.7621926316993686,"nobs":5459,"custom_metric_name":null,"custom_metric_value":0.0,"r2":0.9898772297582273,"mean_residual_deviance":0.5809376078168093,"mae":0.5413631622969016,"rmsle":"NaN","loglikelihood":0.0,"AIC":12625.12295894881,"residual_deviance":3171.338401071962,"null_deviance":313414.7091275867,"AIC":12625.12295894881,"loglikelihood":0.0,"null_degrees_of_freedom":5458,"residual_degrees_of_freedom":5411},"cross_validation_metrics_summary":{"__meta":{"schema_version":3,"schema_name":"TwoDimTableV3","schema_type":"TwoDimTable"},"name":"Cross-Validation Metrics Summary","description":"","columns":[{"__meta":{"schema_version":-1,"schema_name":"ColumnSpecsBase","schema_type":"Iced"},"name":"","type":"string","format":"%s","description":""},{"__meta":{"schema_version":-1,"schema_name":"ColumnSpecsBase","schema_type":"Iced"},"name":"mean","type":"float","format":"%f","description":"mean"},{"__meta":{"schema_version":-1,"schema_name":"ColumnSpecsBase","schema_type":"Iced"},"name":"sd","type":"float","format":"%f","description":"sd"},{"__meta":{"schema_version":-1,"schema_name":"ColumnSpecsBase","schema_type":"Iced"},"name":"cv_1_valid","type":"float","format":"%f","description":"cv_1_valid"},{"__meta":{"schema_version":-1,"schema_name":"ColumnSpecsBase","schema_type":"Iced"},"name":"cv_2_valid","type":"float","format":"%f","description":"cv_2_valid"},{"__meta":{"schema_version":-1,"schema_name":"ColumnSpecsBase","schema_type":"Iced"},"name":"cv_3_valid","type":"float","format":"%f","description":"cv_3_valid"},{"__meta":{"schema_version":-1,"schema_name":"ColumnSpecsBase","schema_type":"Iced"},"name":"cv_4_valid","type":"float","format":"%f","description":"cv_4_valid"},{"__meta":{"schema_version":-1,"schema_name":"ColumnSpecsBase","schema_type":"Iced"},"name":"cv_5_valid","type":"float","format":"%f","description":"cv_5_valid"}],"rowcount":10,"data":[["aic","loglikelihood","mae","mean_residual_deviance","mse","null_deviance","r2","residual_deviance","rmse","rmsle"],[2604.4338,0.0,0.54148346,0.58108896,0.58108896,62682.94,0.98986495,634.2677,0.7619187,"NaN"],[79.97317,0.0,0.013691661,0.040133152,0.040133152,1927.5469,6.986033E-4,43.207615,0.026665397,0.0],[2726.53,0.0,0.54963195,0.61981463,0.61981463,64766.938,0.98932457,690.4735,0.78728306,"NaN"],[2561.038,0.0,0.5563085,0.58941144,0.58941144,59968.656,0.9895316,627.1338,0.76773137,"NaN"],[2523.8513,0.0,0.5200697,0.517806,0.517806,64287.242,0.99102384,575.8003,0.7195874,"NaN"],[2639.2634,0.0,0.5421002,0.6084056,0.6084056,62423.125,0.9894349,658.90326,0.78000355,"NaN"],[2571.4868,0.0,0.5393069,0.570007,0.570007,61968.742,0.9900099,619.0276,0.7549881,"NaN"]]},"status":null,"start_time":1735565259889,"end_time":1735565259917,"run_time":28,"default_threshold":0.5,"help":{"domains":"Domains for categorical columns", "__meta":"Metadata on this schema instance, to make it self-describing.", "standardized_coefficient_magnitudes":"Standardized Coefficient Magnitudes", "help":"Help information for output fields", "training_metrics":"Training data model metrics", "cross_validation_models":"Cross-validation models (model ids)", "cross_validation_predictions":"Cross-validation predictions, one per cv model (deprecated, use cross_validation_holdout_predictions_frame_id instead)", "lambda_best":"Lambda minimizing the objective value, only applicable with lambda search or when arrays of alpha and lambdas are provided", "cross_validation_metrics_summary":"Cross-validation model metrics summary", "linear_constraints_table":"Table of beta (if exists) and linear constraints values and status", "variable_inflation_factors":"predictor variable inflation factors.", "status":"Job status", "reproducibility_information_table":"Model reproducibility information", "all_constraints_satisfied":"True if all constraints conditions are satisfied.  Otherwise, false.", "variable_importances":"Variable Importances", "model_summary":"Model summary", "end_time":"End time in milliseconds", "names":"Column names", "cross_validation_fold_assignment_frame_id":"Cross-validation fold assignment (each row is assigned to one holdout fold)", "regression_influence_diagnostics":"Contains the original dataset and the dfbetas calculated for each predictor.", "lambda_1se":"Lambda best + 1 standard error. Only applicable with lambda search and cross-validation", "run_time":"Runtime in milliseconds", "vif_predictor_names":"Predictor names where variable inflation factors are calculated.", "lambda_max":"Starting lambda value used when lambda search is enabled.", "default_threshold":"Default threshold used for predictions", "scoring_history":"Scoring history", "linear_constraint_states":"Beta (if exists) and linear constraints states", "dispersion":"Dispersion parameter, only applicable to Tweedie family (input/output) and fractional Binomial (output only)", "cross_validation_holdout_predictions_frame_id":"Cross-validation holdout predictions (full out-of-sample predictions on training data)", "alpha_best":"Alpha minimizing the objective value, only applicable when arrays of alphas are given ", "lambda_min":"Minimum lambda value calculated that may be used for lambda search.  Early-stop may happen and the minimum lambda value will not be used in this case.", "coefficients_table_multinomials_with_class_names":"Table of Coefficients with coefficients denoted with class names for GLM multinonimals only.", "model_category":"Category of the model (e.g., Binomial)", "coefficient_names":"GLM model coefficients names.", "best_submodel_index":"submodel index minimizing the objective value, only applicable for arrays of alphas/lambda ", "column_types":"Column types", "original_names":"Original column names", "start_time":"Start time in milliseconds", "cv_scoring_history":"Cross-Validation scoring history", "cross_validation_metrics":"Cross-validation model metrics", "coefficients_table":"Table of Coefficients", "validation_metrics":"Validation data model metrics"},"coefficients_table":{"__meta":{"schema_version":3,"schema_name":"TwoDimTableV3","schema_type":"TwoDimTable"},"name":"Coefficients","description":"glm coefficients","columns":[{"__meta":{"schema_version":-1,"schema_name":"ColumnSpecsBase","schema_type":"Iced"},"name":"names","type":"string","format":"%s","description":"names"},{"__meta":{"schema_version":-1,"schema_name":"ColumnSpecsBase","schema_type":"Iced"},"name":"coefficients","type":"double","format":"%5f","description":"Coefficients"},{"__meta":{"schema_version":-1,"schema_name":"ColumnSpecsBase","schema_type":"Iced"},"name":"standardized_coefficients","type":"double","format":"%5f","description":"Standardized Coefficients"}],"rowcount":51,"data":[["Intercept","ml_spending","used_tpu","Total_Experience","demographics_COUNTprofileTable","demographics_MEANprofileTable_yearly_compensation","company_COUNTprofileTable","company_MEANprofileTable_yearly_compensation","company_SUMprofileTable_yearly_compensation","country_COUNTprofileTable","country_SUMprofileTable_yearly_compensation","jobTitle_SUMprofileTable_yearly_compensation","jobTitle_SUMprofileTable_yearly_compensation_1","mlIncorporation_SUMprofileTable_yearly_compensation","mlIncorporation_MEANprofileTable_yearly_compensation","PrimaryTool_SUMprofileTable_yearly_compensation","PrimaryTool_MEANprofileTable_yearly_compensation","RecommendedLanguage_SUMprofileTable_yearly_compensation","RecommendedLanguage_MEANprofileTable_yearly_compensation","IncomeCategory_SUMprofileTable_yearly_compensation","age","gender_Male","company_size","country_Algeria","country_Australia","country_Austria","country_Nigeria","country_Other","country_Philippines","country_Poland","country_Portugal","country_Republic_of_Korea","country_Russia","country_Saudi_Arabia","country_Singapore","country_Spain","country_Switzerland","country_Taiwan","country_Thailand","country_Tunisia","country_Turkey","country_Ukraine","country_United_States_of_America","country_Viet_Nam","job_title_Business_Analyst","job_title_Data_Analyst","job_title_Data_Engineer","job_title_Data_Scientist","job_title_Product/Project_Manager","job_title_Research_Scientist","job_title_Software_Engineer"],[10.367510261258406,-1.025511203420845,1.2119901393524486,-0.8365001196783757,-0.713276107336759,-0.31167326842943305,-0.07691749254490902,-1.032752852842332,-0.4996510380843148,0.5527261419849658,1.359260454610188,-0.5353691489010974,-0.28316743560607094,0.49788991118986886,-0.4446623874194164,-0.40872399678124227,-0.31711399834501247,0.3705317675942305,1.2682621679049257,0.28170996032837764,-0.468591160634559,0.1330446984617642,0.33924368099849944,0.24063938105817023,0.5022002572068245,0.36604739304370815,-0.14147330384962278,0.4992644887328108,0.2875894630836487,-0.2083031408805028,-0.4695975135646039,1.0593384525169016,-0.3464998359913257,-0.8963693730948065,0.9368171101827114,-0.8622498172488647,-0.45148909408392596,1.141756478631371,1.6294603743567686,-0.5335057843025408,1.2264278292255213,-2.6528451573953684,2.1975036454663117,-0.7498629376787423,-1.2967231805397195,0.1787558172361133,4.562510728519459,-0.35798511758287566,0.0,0.008822462602883633,0.0],[10.382670818831288,-2.384853007447832,2.3956557630072326,-1.5754885655351196,-1.2943751329135835,-0.5447429571617455,-0.11664543406571731,-1.5475024940865958,-0.7209562798611819,0.7608037170643915,1.7913967310261085,-0.686430103921557,-0.33193580819548574,0.5754204761736733,-0.5023817964777497,-0.4540979987360602,-0.3534448692047036,0.4059222859946909,1.3835822125462602,0.29892761646145294,-0.5008558453199745,0.13995793012455,0.35305732658079714,0.24852448629016372,0.5082394451054265,0.374249512126538,-0.14300727033967017,0.4901513563326373,0.2819717234498422,-0.20673011800100866,-0.46613544398290396,1.0419525917659958,-0.33896206112144356,-0.8976482186088973,0.9253699524772012,-0.8214845402134352,-0.43196592703921716,1.0914009614653741,1.5285198796442914,-0.4907511167596194,1.1240263125077634,-2.4107668759308774,1.9691713302012133,-0.6665520972981053,-1.0962251660535247,0.12750422326109886,2.8772113064201794,-0.1659218807907138,0.0,5.29776620156297E-4,0.0]]},"coefficients_table_multinomials_with_class_names":null,"standardized_coefficient_magnitudes":{"__meta":{"schema_version":3,"schema_name":"TwoDimTableV3","schema_type":"TwoDimTable"},"name":"Standardized Coefficient Magnitudes","description":"standardized coefficient magnitudes","columns":[{"__meta":{"schema_version":-1,"schema_name":"ColumnSpecsBase","schema_type":"Iced"},"name":"names","type":"string","format":"%s","description":"names"},{"__meta":{"schema_version":-1,"schema_name":"ColumnSpecsBase","schema_type":"Iced"},"name":"coefficients","type":"double","format":"%5f","description":"Coefficients"},{"__meta":{"schema_version":-1,"schema_name":"ColumnSpecsBase","schema_type":"Iced"},"name":"sign","type":"string","format":"%s","description":"Sign"}],"rowcount":50,"data":[["job_title_Data_Engineer","country_Ukraine","used_tpu","ml_spending","country_United_States_of_America","country_SUMprofileTable_yearly_compensation","Total_Experience","company_MEANprofileTable_yearly_compensation","country_Thailand","RecommendedLanguage_MEANprofileTable_yearly_compensation","demographics_COUNTprofileTable","country_Turkey","job_title_Business_Analyst","country_Taiwan","country_Republic_of_Korea","country_Singapore","country_Saudi_Arabia","country_Spain","country_COUNTprofileTable","company_SUMprofileTable_yearly_compensation","jobTitle_SUMprofileTable_yearly_compensation","country_Viet_Nam","mlIncorporation_SUMprofileTable_yearly_compensation","demographics_MEANprofileTable_yearly_compensation","country_Australia","mlIncorporation_MEANprofileTable_yearly_compensation","age","country_Tunisia","country_Other","country_Portugal","PrimaryTool_SUMprofileTable_yearly_compensation","country_Switzerland","RecommendedLanguage_SUMprofileTable_yearly_compensation","country_Austria","PrimaryTool_MEANprofileTable_yearly_compensation","company_size","country_Russia","jobTitle_SUMprofileTable_yearly_compensation_1","IncomeCategory_SUMprofileTable_yearly_compensation","country_Philippines","country_Algeria","country_Poland","job_title_Data_Scientist","country_Nigeria","gender_Male","job_title_Data_Analyst","company_COUNTprofileTable","job_title_Research_Scientist","job_title_Product/Project_Manager","job_title_Software_Engineer"],[2.877211332321167,2.410766839981079,2.395655870437622,2.3848531246185303,1.9691712856292725,1.7913967370986938,1.575488567352295,1.5475025177001953,1.528519868850708,1.3835822343826294,1.2943751811981201,1.1240262985229492,1.0962251424789429,1.0914009809494019,1.0419526100158691,0.9253699779510498,0.8976482152938843,0.8214845657348633,0.7608036994934082,0.7209562659263611,0.6864300966262817,0.6665521264076233,0.5754204988479614,0.5447429418563843,0.5082394480705261,0.5023818016052246,0.5008558630943298,0.49075111746788025,0.4901513457298279,0.4661354422569275,0.4540979862213135,0.4319659173488617,0.4059222936630249,0.37424951791763306,0.3534448742866516,0.353057324886322,0.33896204829216003,0.3319358229637146,0.2989276051521301,0.2819717228412628,0.2485244870185852,0.20673011243343353,0.1659218817949295,0.14300726354122162,0.13995793461799622,0.12750422954559326,0.1166454330086708,5.297766183502972E-4,0.0,0.0],["POS","NEG","POS","NEG","POS","POS","NEG","NEG","POS","POS","NEG","POS","NEG","POS","POS","POS","NEG","NEG","POS","NEG","NEG","NEG","POS","NEG","POS","NEG","NEG","NEG","POS","NEG","NEG","NEG","POS","POS","NEG","POS","NEG","NEG","POS","POS","POS","NEG","NEG","NEG","POS","POS","NEG","POS","POS","POS"]]},"variable_importances":{"__meta":{"schema_version":3,"schema_name":"TwoDimTableV3","schema_type":"TwoDimTable"},"name":"Variable Importances","description":"","columns":[{"__meta":{"schema_version":-1,"schema_name":"ColumnSpecsBase","schema_type":"Iced"},"name":"variable","type":"string","format":"%s","description":"Variable"},{"__meta":{"schema_version":-1,"schema_name":"ColumnSpecsBase","schema_type":"Iced"},"name":"relative_importance","type":"double","format":"%5f","description":"Relative Importance"},{"__meta":{"schema_version":-1,"schema_name":"ColumnSpecsBase","schema_type":"Iced"},"name":"scaled_importance","type":"double","format":"%5f","description":"Scaled Importance"},{"__meta":{"schema_version":-1,"schema_name":"ColumnSpecsBase","schema_type":"Iced"},"name":"percentage","type":"double","format":"%5f","description":"Percentage"}],"rowcount":50,"data":[["job_title_Data_Engineer","country_Ukraine","used_tpu","ml_spending","country_United_States_of_America","country_SUMprofileTable_yearly_compensation","Total_Experience","company_MEANprofileTable_yearly_compensation","country_Thailand","RecommendedLanguage_MEANprofileTable_yearly_compensation","demographics_COUNTprofileTable","country_Turkey","job_title_Business_Analyst","country_Taiwan","country_Republic_of_Korea","country_Singapore","country_Saudi_Arabia","country_Spain","country_COUNTprofileTable","company_SUMprofileTable_yearly_compensation","jobTitle_SUMprofileTable_yearly_compensation","country_Viet_Nam","mlIncorporation_SUMprofileTable_yearly_compensation","demographics_MEANprofileTable_yearly_compensation","country_Australia","mlIncorporation_MEANprofileTable_yearly_compensation","age","country_Tunisia","country_Other","country_Portugal","PrimaryTool_SUMprofileTable_yearly_compensation","country_Switzerland","RecommendedLanguage_SUMprofileTable_yearly_compensation","country_Austria","PrimaryTool_MEANprofileTable_yearly_compensation","company_size","country_Russia","jobTitle_SUMprofileTable_yearly_compensation_1","IncomeCategory_SUMprofileTable_yearly_compensation","country_Philippines","country_Algeria","country_Poland","job_title_Data_Scientist","country_Nigeria","gender_Male","job_title_Data_Analyst","company_COUNTprofileTable","job_title_Research_Scientist","job_title_Product/Project_Manager","job_title_Software_Engineer"],[2.877211332321167,2.410766839981079,2.395655870437622,2.3848531246185303,1.9691712856292725,1.7913967370986938,1.575488567352295,1.5475025177001953,1.528519868850708,1.3835822343826294,1.2943751811981201,1.1240262985229492,1.0962251424789429,1.0914009809494019,1.0419526100158691,0.9253699779510498,0.8976482152938843,0.8214845657348633,0.7608036994934082,0.7209562659263611,0.6864300966262817,0.6665521264076233,0.5754204988479614,0.5447429418563843,0.5082394480705261,0.5023818016052246,0.5008558630943298,0.49075111746788025,0.4901513457298279,0.4661354422569275,0.4540979862213135,0.4319659173488617,0.4059222936630249,0.37424951791763306,0.3534448742866516,0.353057324886322,0.33896204829216003,0.3319358229637146,0.2989276051521301,0.2819717228412628,0.2485244870185852,0.20673011243343353,0.1659218817949295,0.14300726354122162,0.13995793461799622,0.12750422954559326,0.1166454330086708,5.297766183502972E-4,0.0,0.0],[1.0,0.8378831311067486,0.8326311812851599,0.8288765923546427,0.684402728262807,0.6226156267963462,0.5475748512644993,0.5378480545785145,0.5312504687021328,0.4808761243361417,0.44987143163859755,0.39066518538148187,0.38100265008847023,0.3793259704941183,0.3621397560586147,0.3216204411389257,0.31198549971291606,0.28551415619239107,0.2644239896273577,0.2505746650680454,0.2385747925135933,0.23166602985324952,0.19999243447430246,0.18933018083760894,0.1766430718387683,0.17460719550271345,0.17407684220757896,0.17056484935778796,0.17035639343683603,0.16200945582988388,0.15782573254880572,0.1501335381577191,0.14108184862998938,0.13007369799830112,0.12284286187678568,0.12270816568816163,0.11780922884754007,0.11536720269203446,0.10389490747312354,0.09800174205965761,0.08637686228563896,0.07185086132225667,0.057667603325152125,0.0497034270422714,0.04864360606597719,0.04431521178624382,0.04054114193779713,1.8412850401326072E-4,0.0,0.0],[0.0722129822757239,0.06050603969573968,0.060126780736360304,0.05985565067246824,0.04942276208549916,0.044960931222433276,0.03954201302899544,0.038839612032310844,0.03836318068035713,0.0347254990435046,0.032486557719272585,0.028211098107695343,0.027513337617842536,0.027392259584013534,0.026151191785595718,0.02322517121547574,0.02252940336105167,0.0206178287005894,0.01909484487623658,0.018094743847304216,0.017228197263218618,0.01672929490768003,0.014442050125971675,0.013672096993085855,0.012755923015822398,0.012608906314051304,0.012570607920949885,0.012316996443535459,0.012301943219810487,0.01169918596234308,0.011397066827200047,0.010841590529975086,0.010187941034543783,0.009393009648089182,0.008870849407407523,0.008861122593925807,0.008507355754684112,0.008331009763199731,0.007502561111894644,0.0070769980623441205,0.0062375308252654894,0.005188564975159617,0.004164349616802687,0.0035892326960462804,0.003512699862669706,0.0032001336032649757,0.002927596764191751,1.3296468396765153E-5,0.0,0.0]]},"lambda_best":0.005949737064062857,"alpha_best":0.5,"best_submodel_index":0,"lambda_1se":0.005949737064062857,"lambda_min":-1.0,"lambda_max":-1.0,"dispersion":0.0,"vif_predictor_names":null,"coefficient_names":["ml_spending","used_tpu","Total_Experience","demographics_COUNTprofileTable","demographics_MEANprofileTable_yearly_compensation","company_COUNTprofileTable","company_MEANprofileTable_yearly_compensation","company_SUMprofileTable_yearly_compensation","country_COUNTprofileTable","country_SUMprofileTable_yearly_compensation","jobTitle_SUMprofileTable_yearly_compensation","jobTitle_SUMprofileTable_yearly_compensation_1","mlIncorporation_SUMprofileTable_yearly_compensation","mlIncorporation_MEANprofileTable_yearly_compensation","PrimaryTool_SUMprofileTable_yearly_compensation","PrimaryTool_MEANprofileTable_yearly_compensation","RecommendedLanguage_SUMprofileTable_yearly_compensation","RecommendedLanguage_MEANprofileTable_yearly_compensation","IncomeCategory_SUMprofileTable_yearly_compensation","age","gender_Male","company_size","country_Algeria","country_Australia","country_Austria","country_Nigeria","country_Other","country_Philippines","country_Poland","country_Portugal","country_Republic_of_Korea","country_Russia","country_Saudi_Arabia","country_Singapore","country_Spain","country_Switzerland","country_Taiwan","country_Thailand","country_Tunisia","country_Turkey","country_Ukraine","country_United_States_of_America","country_Viet_Nam","job_title_Business_Analyst","job_title_Data_Analyst","job_title_Data_Engineer","job_title_Data_Scientist","job_title_Product/Project_Manager","job_title_Research_Scientist","job_title_Software_Engineer","Intercept"],"variable_inflation_factors":null,"linear_constraint_states":null,"linear_constraints_table":null,"regression_influence_diagnostics":null,"all_constraints_satisfied":false},"compatible_frames":null}
